"","LABEL","INDIVIDUAL","CHROM","ID","POS","POS_PLUS_CI","POS_MINUS_CI","END","END_PLUS_CI","END_MINUS_CI","SVLEN","GT","QUAL","FILTER","SVTYPE","PROGRAM","STRAND","POS_CLUSTER_1.42","POS_CLUSTER_2"
"1","NC_044048.1_11629078_11633570",16216,"NC_044048.1","INV00000193",11629200,11629322,11629078,11633448,11633570,11633326,4248,"0/1",180,"PASS","INV","DELLY",NA,7,3
"2","NC_044048.1_11629200_11633449",16216,"NC_044048.1","gridss1bb_117",NA,11629200,11629200,NA,11633449,11633449,4259,NA,501.48,"PASS","INV","GRIDSS","-",7,3
"3","NC_044048.1_12478836_27701240",16216,"NC_044048.1","INV00000228",12479066,12479296,12478836,27701010,27701240,27700780,15221944,"1/1",47,"LowQual","INV","DELLY",NA,8,1
"4","NC_044048.1_13264314_13422972",16216,"NC_044048.1","INV00000252",13264546,13264778,13264314,13422740,13422972,13422508,158194,"0/1",61,"LowQual","INV","DELLY",NA,9,1
"5","NC_044048.1_13268642_24904889",16216,"NC_044048.1","INV00000254",13268860,13269078,13268642,24904671,24904889,24904453,11635811,"0/1",60,"LowQual","INV","DELLY",NA,10,1
"6","NC_044048.1_13271548_13408970",16216,"NC_044048.1","INV00000256",13271787,13272026,13271548,13408731,13408970,13408492,136944,"0/1",62,"LowQual","INV","DELLY",NA,11,1
"7","NC_044048.1_13277297_13426913",16216,"NC_044048.1","gridss1bb_251",NA,13277297,13277297,NA,13426913,13426913,149618,NA,132.78,"LOW_QUAL;SINGLE_ASSEMBLY","INV","GRIDSS","-",251,1
"8","NC_044048.1_13281027_24910802",16216,"NC_044048.1","gridss1bb_252",NA,13281027,13281027,NA,24910802,24910802,11629785,NA,59.01,"LOW_QUAL;NO_ASSEMBLY","INV","GRIDSS","-",252,1
"9","NC_044048.1_13301732_13327863",16216,"NC_044048.1","INV00000260",13301966,13302200,13301732,13327629,13327863,13327395,25663,"0/1",92,"LowQual","INV","DELLY",NA,12,1
"10","NC_044048.1_13307376_13324448",16216,"NC_044048.1","INV00000262",13307499,13307622,13307376,13324325,13324448,13324202,16826,"0/1",114,"PASS","INV","DELLY",NA,13,4
"11","NC_044048.1_13307499_13324271",16216,"NC_044048.1","gridss1bb_259",NA,13307475,13307499,NA,13324271,13324326,16810,NA,50.63,"LOW_QUAL;NO_ASSEMBLY","INV","GRIDSS","-",13,4
"12","NC_044048.1_13307925_13325062",16216,"NC_044048.1","gridss1bb_262",NA,13307925,13307925,NA,13325062,13325062,17154,NA,163.91,"LOW_QUAL;SINGLE_ASSEMBLY","INV","GRIDSS","-",253,1
"13","NC_044048.1_17806737_17809093",16216,"NC_044048.1","INV00000404",17806927,17807117,17806737,17808903,17809093,17808713,1976,"0/1",171,"PASS","INV","DELLY",NA,14,5
"14","NC_044048.1_17806912_17809044",16216,"NC_044048.1","gridss1ff_538",NA,17806912,17806912,NA,17809044,17809044,2140,NA,376.92,"LOW_QUAL","INV","GRIDSS","+",14,5
"15","NC_044048.1_17806927_17808904",16216,"NC_044048.1","gridss1bb_533",NA,17806927,17806927,NA,17808904,17808904,1980,NA,539.17,"PASS","INV","GRIDSS","-",254,5
"16","NC_044048.1_20374082_20393786",16216,"NC_044048.1","INV00000505",20374261,20374440,20374082,20393607,20393786,20393428,19346,"0/1",77,"LowQual","INV","DELLY",NA,15,1
"17","NC_044048.1_24247568_24248971",16216,"NC_044048.1","INV00000672",24247829,24248090,24247568,24248710,24248971,24248449,881,"0/1",91,"LowQual","INV","DELLY",NA,16,6
"18","NC_044048.1_24247829_24248711",16216,"NC_044048.1","gridss2bb_388",NA,24247829,24247829,NA,24248711,24248711,890,NA,348.89,"LOW_QUAL","INV","GRIDSS","-",16,6
"19","NC_044048.1_24435468_24435729",16216,"NC_044048.1","gridss2bb_400",NA,24435464,24435468,NA,24435729,24435733,264,NA,84.89,"LOW_QUAL;SINGLE_ASSEMBLY","INV","GRIDSS","-",255,1
"20","NC_044048.1_24435470_24435725",16216,"NC_044048.1","gridss2ff_379",NA,24435468,24435470,NA,24435725,24435727,256,NA,650.38,"PASS","INV","GRIDSS","+",256,1
"21","NC_044048.1_2476581_17643597",16216,"NC_044048.1","INV00000017",2476777,2476973,2476581,17643401,17643597,17643205,15166624,"0/1",26,"LowQual","INV","DELLY",NA,1,1
"22","NC_044048.1_26161662_26166364",16216,"NC_044048.1","gridss2bb_536",NA,26161662,26161662,NA,26166364,26166364,4710,NA,357.29,"LOW_QUAL","INV","GRIDSS","-",257,1
"23","NC_044048.1_26161700_26166366",16216,"NC_044048.1","gridss2ff_532",NA,26161699,26161700,NA,26166366,26166367,4667,NA,468.27,"LOW_QUAL","INV","GRIDSS","+",258,1
"24","NC_044048.1_28757030_29043462",16216,"NC_044048.1","INV00000872",28757214,28757398,28757030,29043278,29043462,29043094,286064,"1/1",70,"LowQual","INV","DELLY",NA,17,7
"25","NC_044048.1_28757224_29031611",16216,"NC_044048.1","INV00000873",28757288,28757352,28757224,29031547,29031611,29031483,274259,"0/1",62,"LowQual","INV","DELLY",NA,17,7
"26","NC_044048.1_28809590_28811986",16216,"NC_044048.1","gridss2ff_796",NA,28809590,28809590,NA,28811986,28811986,2418,NA,138.29,"LOW_QUAL;SINGLE_ASSEMBLY","INV","GRIDSS","+",259,1
"27","NC_044048.1_5381205_5381495",16216,"NC_044048.1","gridss0ff_145",NA,5381205,5381205,NA,5381495,5381495,303,NA,361.23,"LOW_QUAL","INV","GRIDSS","+",247,1
"28","NC_044048.1_5543099_29605916",16216,"NC_044048.1","INV00000085",5543302,5543505,5543099,29605713,29605916,29605510,24062411,"0/1",38,"LowQual","INV","DELLY",NA,2,2
"29","NC_044048.1_5543130_29555345",16216,"NC_044048.1","INV00000071",5543293,5543456,5543130,29555182,29555345,29555019,24011889,"0/1",34,"LowQual","INV","DELLY",NA,2,2
"30","NC_044048.1_5543146_5944750",16216,"NC_044048.1","INV00000077",5543301,5543456,5543146,5944595,5944750,5944440,401294,"0/1",70,"LowQual","INV","DELLY",NA,2,2
"31","NC_044048.1_5543159_30391990",16216,"NC_044048.1","INV00000072",5543293,5543427,5543159,30391856,30391990,30391722,24848563,"1/1",51,"LowQual","INV","DELLY",NA,2,2
"32","NC_044048.1_5543182_20660002",16216,"NC_044048.1","INV00000075",5543298,5543414,5543182,20659886,20660002,20659770,15116588,"0/1",48,"LowQual","INV","DELLY",NA,2,2
"33","NC_044048.1_5543209_29498904",16216,"NC_044048.1","INV00000084",5543302,5543395,5543209,29498811,29498904,29498718,23955509,"1/1",75,"LowQual","INV","DELLY",NA,2,2
"34","NC_044048.1_5543211_19965303",16216,"NC_044048.1","gridss0bb_720",NA,5543211,5543211,NA,19965303,19965303,14422093,NA,147.17,"LOW_QUAL;SINGLE_ASSEMBLY","INV","GRIDSS","-",248,2
"35","NC_044048.1_5543217_28921615",16216,"NC_044048.1","gridss0bb_1055",NA,5543217,5543217,NA,28921615,28921615,23378399,NA,118.57,"LOW_QUAL;SINGLE_ASSEMBLY","INV","GRIDSS","-",249,2
"36","NC_044048.1_5543418_5543302",16216,"NC_044048.1","gridss0ff_193",NA,5543297,5543418,NA,5543302,5543424,5,NA,185.66,"LOW_QUAL;NO_ASSEMBLY","INV","GRIDSS","+",250,2
"37","NC_044048.1_7112257_7305550",16216,"NC_044048.1","INV00000125",7112430,7112603,7112257,7305377,7305550,7305204,192947,"0/1",71,"LowQual","INV","DELLY",NA,3,1
"38","NC_044048.1_7132450_7294671",16216,"NC_044048.1","INV00000127",7132652,7132854,7132450,7294469,7294671,7294267,161817,"0/1",100,"LowQual","INV","DELLY",NA,4,1
"39","NC_044048.1_7138422_7289610",16216,"NC_044048.1","INV00000128",7138630,7138838,7138422,7289402,7289610,7289194,150772,"0/1",65,"LowQual","INV","DELLY",NA,5,1
"40","NC_044048.1_7649374_21000819",16216,"NC_044048.1","INV00000135",7649602,7649830,7649374,21000591,21000819,21000363,13350989,"0/1",28,"LowQual","INV","DELLY",NA,6,1
"41","NC_044049.1_13157953_14858274",16216,"NC_044049.1","INV00001194",13158106,13158259,13157953,14858121,14858274,14857968,1700015,"0/1",152,"PASS","INV","DELLY",NA,20,10
"42","NC_044049.1_13158106_14858080",16216,"NC_044049.1","gridss4bb_178",NA,13157996,13158106,NA,14858080,14858122,1700049,NA,50.63,"LOW_QUAL;NO_ASSEMBLY","INV","GRIDSS","-",20,10
"43","NC_044049.1_14417819_14805067",16216,"NC_044049.1","INV00001223",14418016,14418213,14417819,14804870,14805067,14804673,386854,"0/1",173,"PASS","INV","DELLY",NA,21,11
"44","NC_044049.1_14418104_14804870",16216,"NC_044049.1","gridss4ff_204",NA,14418015,14418104,NA,14804870,14804958,386854,NA,50.63,"LOW_QUAL;NO_ASSEMBLY","INV","GRIDSS","+",21,11
"45","NC_044049.1_1623023_1782784",16216,"NC_044049.1","INV00000976",1623238,1623453,1623023,1782569,1782784,1782354,159331,"1/1",120,"LowQual","INV","DELLY",NA,18,8
"46","NC_044049.1_1623238_1782568",16216,"NC_044049.1","gridss3bb_113",NA,1623238,1623238,NA,1782568,1782568,159329,NA,374.02,"LOW_QUAL","INV","GRIDSS","-",18,8
"47","NC_044049.1_2036486_2118779",16216,"NC_044049.1","gridss3bb_137",NA,2036486,2036486,NA,2118779,2118779,82293,NA,365.92,"LOW_QUAL","INV","GRIDSS","-",261,1
"48","NC_044049.1_20601895_20694301",16216,"NC_044049.1","gridss5ff_37",NA,20601895,20601895,NA,20694301,20694301,92413,NA,211.93,"LOW_QUAL","INV","GRIDSS","+",262,141
"49","NC_044049.1_20601914_20694240",16216,"NC_044049.1","gridss5bb_28",NA,20601894,20601914,NA,20694240,20694260,92345,NA,255.21,"LOW_QUAL","INV","GRIDSS","-",262,141
"50","NC_044049.1_27392643_27604481",16216,"NC_044049.1","INV00001396",27392884,27393125,27392643,27604240,27604481,27603999,211356,"0/1",70,"LowQual","INV","DELLY",NA,22,1
"51","NC_044049.1_27410456_27654112",16216,"NC_044049.1","INV00001397",27410729,27411002,27410456,27653839,27654112,27653566,243110,"1/1",70,"LowQual","INV","DELLY",NA,23,1
"52","NC_044049.1_3050250_3054940",16216,"NC_044049.1","INV00001028",3050494,3050738,3050250,3054696,3054940,3054452,4202,"0/1",120,"LowQual","INV","DELLY",NA,19,9
"53","NC_044049.1_3050495_3054697",16216,"NC_044049.1","gridss3bb_206",NA,3050495,3050495,NA,3054697,3054697,4217,NA,87.01,"LOW_QUAL;SINGLE_ASSEMBLY","INV","GRIDSS","-",19,9
"54","NC_044049.1_836684_837178",16216,"NC_044049.1","gridss3bb_79",NA,836677,836684,NA,837178,837185,501,NA,96.98,"LOW_QUAL;SINGLE_ASSEMBLY","INV","GRIDSS","-",260,1
"55","NC_044050.1_10006781_10008748",16216,"NC_044050.1","INV00001595",10006967,10007153,10006781,10008562,10008748,10008376,1595,"0/1",110,"PASS","INV","DELLY",NA,28,14
"56","NC_044050.1_10006967_10008563",16216,"NC_044050.1","gridss7bb_1",NA,10006967,10006967,NA,10008563,10008563,1600,NA,528,"PASS","INV","GRIDSS","-",28,14
"57","NC_044050.1_11968563_23694545",16216,"NC_044050.1","gridss7ff_86",NA,11968536,11968563,NA,23694545,23694572,11726009,NA,67.6,"LOW_QUAL;SINGLE_ASSEMBLY","INV","GRIDSS","+",264,1
"58","NC_044050.1_1221179_1222018",16216,"NC_044050.1","INV00001430",1221328,1221477,1221179,1221869,1222018,1221720,541,"0/1",53,"LowQual","INV","DELLY",NA,25,1
"59","NC_044050.1_13181907_13182787",16216,"NC_044050.1","gridss7ff_139",NA,13181906,13181907,NA,13182787,13182788,881,NA,427.82,"LOW_QUAL","INV","GRIDSS","+",265,1
"60","NC_044050.1_13182023_13182718",16216,"NC_044050.1","gridss7bb_112",NA,13182023,13182023,NA,13182718,13182718,699,NA,446.42,"LOW_QUAL","INV","GRIDSS","-",266,1
"61","NC_044050.1_18229852_18229966",16216,"NC_044050.1","gridss7ff_357",NA,18229852,18229852,NA,18229966,18229966,169,NA,102.14,"LOW_QUAL;SINGLE_ASSEMBLY","INV","GRIDSS","+",267,1
"62","NC_044050.1_25529156_25535135",16216,"NC_044050.1","INV00001876",25529387,25529618,25529156,25534904,25535135,25534673,5517,"0/1",180,"PASS","INV","DELLY",NA,29,15
"63","NC_044050.1_25529386_25534903",16216,"NC_044050.1","gridss8ff_214",NA,25529385,25529386,NA,25534903,25534904,5518,NA,682.35,"PASS","INV","GRIDSS","+",29,15
"64","NC_044050.1_25529395_25534753",16216,"NC_044050.1","gridss8bb_222",NA,25529395,25529395,NA,25534753,25534753,5371,NA,104.68,"LOW_QUAL;SINGLE_ASSEMBLY","INV","GRIDSS","-",268,15
"65","NC_044050.1_25623469_25623548",16216,"NC_044050.1","gridss8ff_218",NA,25623469,25623469,NA,25623548,25623548,85,NA,145.76,"LOW_QUAL;SINGLE_ASSEMBLY","INV","GRIDSS","+",269,1
"66","NC_044050.1_25635149_25635189",16216,"NC_044050.1","gridss8ff_219",NA,25635147,25635149,NA,25635189,25635191,41,NA,182.22,"LOW_QUAL;SINGLE_ASSEMBLY","INV","GRIDSS","+",165,86
"67","NC_044050.1_26245297_26646232",16216,"NC_044050.1","INV00001887",26245470,26245643,26245297,26646059,26646232,26645886,400589,"0/1",48,"LowQual","INV","DELLY",NA,30,1
"68","NC_044050.1_26776841_27372264",16216,"NC_044050.1","INV00001905",26777045,26777249,26776841,27372060,27372264,27371856,595015,"0/1",117,"PASS","INV","DELLY",NA,31,16
"69","NC_044050.1_26776843_27372159",16216,"NC_044050.1","INV00001906",26777084,26777325,26776843,27371918,27372159,27371677,594834,"0/1",44,"LowQual","INV","DELLY",NA,31,16
"70","NC_044050.1_26777074_27371984",16216,"NC_044050.1","gridss8ff_265",NA,26777067,26777074,NA,27371984,27371991,594917,NA,50.63,"LOW_QUAL;SINGLE_ASSEMBLY","INV","GRIDSS","+",270,16
"71","NC_044050.1_26777116_27371919",16216,"NC_044050.1","gridss8bb_274",NA,26777084,26777116,NA,27371919,27371951,594834,NA,103.86,"LOW_QUAL;NO_ASSEMBLY","INV","GRIDSS","-",271,16
"72","NC_044050.1_26777139_27372060",16216,"NC_044050.1","gridss8ff_266",NA,26777044,26777139,NA,27372060,27372161,595018,NA,50.63,"LOW_QUAL;NO_ASSEMBLY","INV","GRIDSS","+",31,16
"73","NC_044050.1_44511_3847928",16216,"NC_044050.1","INV00001420",44718,44925,44511,3847721,3847928,3847514,3803003,"0/1",59,"LowQual","INV","DELLY",NA,24,1
"74","NC_044050.1_4922802_4923782",16216,"NC_044050.1","INV00001488",4923056,4923310,4922802,4923528,4923782,4923274,472,"0/1",120,"LowQual","INV","DELLY",NA,26,12
"75","NC_044050.1_4923057_4923535",16216,"NC_044050.1","gridss6bb_121",NA,4923056,4923057,NA,4923535,4923536,479,NA,505.7,"PASS","INV","GRIDSS","-",26,12
"76","NC_044050.1_7037066_7038543",16216,"NC_044050.1","INV00001527",7037253,7037440,7037066,7038356,7038543,7038169,1103,"1/1",180,"PASS","INV","DELLY",NA,27,13
"77","NC_044050.1_7037297_7038348",16216,"NC_044050.1","gridss6ff_204",NA,7037289,7037297,NA,7038348,7038356,1058,NA,528.92,"PASS","INV","GRIDSS","+",27,13
"78","NC_044050.1_8193950_8194145",16216,"NC_044050.1","gridss6bb_265",NA,8193950,8193950,NA,8194145,8194145,194,NA,287,"LOW_QUAL","INV","GRIDSS","-",263,1
"79","NC_044051.1_10551968_10552756",16216,"NC_044051.1","gridss10ff_70",NA,10551968,10551968,NA,10552756,10552756,788,NA,73.26,"LOW_QUAL;NO_ASSEMBLY","INV","GRIDSS","+",280,1
"80","NC_044051.1_10552499_10554125",16216,"NC_044051.1","INV00002280",10552672,10552845,10552499,10553952,10554125,10553779,1280,"0/1",120,"LowQual","INV","DELLY",NA,39,21
"81","NC_044051.1_10552679_10553945",16216,"NC_044051.1","gridss10bb_83",NA,10552676,10552679,NA,10553945,10553948,1269,NA,345.08,"LOW_QUAL","INV","GRIDSS","-",39,21
"82","NC_044051.1_13658040_13659334",16216,"NC_044051.1","INV00002351",13658246,13658452,13658040,13659128,13659334,13658922,882,"0/1",180,"PASS","INV","DELLY",NA,40,22
"83","NC_044051.1_13658245_13659123",16216,"NC_044051.1","gridss10ff_159",NA,13658245,13658245,NA,13659123,13659123,880,NA,439.94,"LOW_QUAL","INV","GRIDSS","+",40,22
"84","NC_044051.1_13658250_13658531",16216,"NC_044051.1","gridss10bb_177",NA,13658248,13658250,NA,13658531,13658533,282,NA,356.56,"LOW_QUAL","INV","GRIDSS","-",281,22
"85","NC_044051.1_17188430_18456533",16216,"NC_044051.1","INV00002410",17188655,17188880,17188430,18456308,18456533,18456083,1267653,"0/1",86,"LowQual","INV","DELLY",NA,41,23
"86","NC_044051.1_17188601_18456308",16216,"NC_044051.1","gridss10ff_266",NA,17188601,17188601,NA,18456308,18456308,1267711,NA,246.43,"LOW_QUAL;SINGLE_ASSEMBLY","INV","GRIDSS","+",41,23
"87","NC_044051.1_17197299_18181588",16216,"NC_044051.1","INV00002413",17197548,17197797,17197299,18181339,18181588,18181090,983791,"0/1",59,"LowQual","INV","DELLY",NA,42,24
"88","NC_044051.1_17197548_18181340",16216,"NC_044051.1","gridss10bb_292",NA,17197548,17197548,NA,18181340,18181340,983792,NA,167.19,"LOW_QUAL;SINGLE_ASSEMBLY","INV","GRIDSS","-",42,24
"89","NC_044051.1_17270305_18099910",16216,"NC_044051.1","gridss10bb_302",NA,17270305,17270305,NA,18099910,18099910,829607,NA,450.88,"LOW_QUAL","INV","GRIDSS","-",282,1
"90","NC_044051.1_17338686_18022697",16216,"NC_044051.1","gridss10ff_293",NA,17338686,17338686,NA,18022697,18022697,684021,NA,168,"LOW_QUAL;SINGLE_ASSEMBLY","INV","GRIDSS","+",283,1
"91","NC_044051.1_17410107_18203059",16216,"NC_044051.1","gridss10ff_300",NA,17410107,17410107,NA,18203059,18203059,792984,NA,89.58,"LOW_QUAL;NO_ASSEMBLY","INV","GRIDSS","+",284,1
"92","NC_044051.1_17457256_18417385",16216,"NC_044051.1","INV00002433",17457510,17457764,17457256,18417131,18417385,18416877,959621,"0/1",62,"LowQual","INV","DELLY",NA,43,1
"93","NC_044051.1_17460668_18138139",16216,"NC_044051.1","INV00002434",17460870,17461072,17460668,18137937,18138139,18137735,677067,"0/1",46,"LowQual","INV","DELLY",NA,44,1
"94","NC_044051.1_17528365_18362946",16216,"NC_044051.1","INV00002437",17528597,17528829,17528365,18362714,18362946,18362482,834117,"0/1",48,"LowQual","INV","DELLY",NA,45,1
"95","NC_044051.1_17667574_17670209",16216,"NC_044051.1","INV00002444",17667874,17668174,17667574,17669909,17670209,17669609,2035,"0/1",120,"LowQual","INV","DELLY",NA,46,25
"96","NC_044051.1_17667873_17669909",16216,"NC_044051.1","gridss10ff_321",NA,17667873,17667873,NA,17669909,17669909,2037,NA,95.65,"LOW_QUAL;NO_ASSEMBLY","INV","GRIDSS","+",46,25
"97","NC_044051.1_17714191_18112720",16216,"NC_044051.1","INV00002447",17714435,17714679,17714191,18112476,18112720,18112232,398041,"0/1",97,"LowQual","INV","DELLY",NA,47,26
"98","NC_044051.1_17714434_18112473",16216,"NC_044051.1","gridss10ff_325",NA,17714434,17714434,NA,18112473,18112473,398043,NA,369.79,"LOW_QUAL","INV","GRIDSS","+",47,26
"99","NC_044051.1_17724409_18098747",16216,"NC_044051.1","gridss10ff_328",NA,17724398,17724409,NA,18098747,18098758,374349,NA,72.16,"LOW_QUAL;NO_ASSEMBLY","INV","GRIDSS","+",285,1
"100","NC_044051.1_17777751_18030789",16216,"NC_044051.1","INV00002449",17777995,17778239,17777751,18030545,18030789,18030301,252550,"0/1",100,"LowQual","INV","DELLY",NA,48,1
"101","NC_044051.1_17779029_18028767",16216,"NC_044051.1","INV00002450",17779297,17779565,17779029,18028499,18028767,18028231,249202,"0/1",61,"LowQual","INV","DELLY",NA,49,1
"102","NC_044051.1_17782337_18021684",16216,"NC_044051.1","gridss10bb_348",NA,17782337,17782337,NA,18021684,18021684,239360,NA,378.45,"LOW_QUAL","INV","GRIDSS","-",286,1
"103","NC_044051.1_17788378_18254518",16216,"NC_044051.1","INV00002451",17788594,17788810,17788378,18254302,18254518,18254086,465708,"0/1",66,"LowQual","INV","DELLY",NA,50,1
"104","NC_044051.1_17793026_18245484",16216,"NC_044051.1","gridss10bb_351",NA,17793026,17793026,NA,18245484,18245484,452490,NA,213.44,"LOW_QUAL;SINGLE_ASSEMBLY","INV","GRIDSS","-",287,1
"105","NC_044051.1_17852889_18454922",16216,"NC_044051.1","INV00002453",17853092,17853295,17852889,18454719,18454922,18454516,601627,"0/1",167,"PASS","INV","DELLY",NA,51,27
"106","NC_044051.1_17853092_18454626",16216,"NC_044051.1","gridss10bb_354",NA,17852971,17853092,NA,18454626,18454720,601641,NA,67.51,"LOW_QUAL;SINGLE_ASSEMBLY","INV","GRIDSS","-",51,27
"107","NC_044051.1_17946315_18247311",16216,"NC_044051.1","INV00002456",17946553,17946791,17946315,18247073,18247311,18246835,300520,"0/1",115,"LowQual","INV","DELLY",NA,52,28
"108","NC_044051.1_17946380_18247337",16216,"NC_044051.1","INV00002457",17946658,17946936,17946380,18247059,18247337,18246781,300401,"0/1",116,"LowQual","INV","DELLY",NA,52,28
"109","NC_044051.1_17946555_18247074",16216,"NC_044051.1","gridss10bb_356",NA,17946553,17946555,NA,18247074,18247076,300520,NA,705.59,"PASS","INV","GRIDSS","-",52,28
"110","NC_044051.1_17946657_18247059",16216,"NC_044051.1","gridss10ff_349",NA,17946657,17946657,NA,18247059,18247059,300483,NA,98.77,"LOW_QUAL;SINGLE_ASSEMBLY","INV","GRIDSS","+",288,28
"111","NC_044051.1_20240938_20259109",16216,"NC_044051.1","INV00002504",20241026,20241114,20240938,20259021,20259109,20258933,17995,"0/1",110,"LowQual","INV","DELLY",NA,53,29
"112","NC_044051.1_20240946_20259263",16216,"NC_044051.1","INV00002505",20241168,20241390,20240946,20259041,20259263,20258819,17873,"0/1",104,"LowQual","INV","DELLY",NA,53,29
"113","NC_044051.1_20241152_20259017",16216,"NC_044051.1","gridss11ff_55",NA,20241129,20241152,NA,20259017,20259040,17888,NA,321.25,"LOW_QUAL","INV","GRIDSS","+",289,29
"114","NC_044051.1_2281595_2971636",16216,"NC_044051.1","INV00002030",2281787,2281979,2281595,2971444,2971636,2971252,689657,"0/1",65,"LowQual","INV","DELLY",NA,32,17
"115","NC_044051.1_2281832_2971445",16216,"NC_044051.1","gridss9bb_125",NA,2281831,2281832,NA,2971445,2971446,689614,NA,168.42,"LOW_QUAL;SINGLE_ASSEMBLY","INV","GRIDSS","-",272,17
"116","NC_044051.1_2281852_42077446",16216,"NC_044051.1","INV00002031",2282039,2282226,2281852,42077259,42077446,42077072,39795220,"0/1",45,"LowQual","INV","DELLY",NA,32,17
"117","NC_044051.1_2512727_2513665",16216,"NC_044051.1","INV00002039",2512924,2513121,2512727,2513468,2513665,2513271,544,"1/1",180,"PASS","INV","DELLY",NA,33,18
"118","NC_044051.1_2512923_2513468",16216,"NC_044051.1","gridss9ff_130",NA,2512923,2512923,NA,2513468,2513468,545,NA,449.11,"LOW_QUAL","INV","GRIDSS","+",33,18
"119","NC_044051.1_2512937_2513487",16216,"NC_044051.1","gridss9bb_143",NA,2512922,2512937,NA,2513487,2513502,565,NA,80.43,"LOW_QUAL;SINGLE_ASSEMBLY","INV","GRIDSS","-",33,18
"120","NC_044051.1_25898261_28575677",16216,"NC_044051.1","INV00002542",25898498,25898735,25898261,28575440,28575677,28575203,2676942,"0/1",53,"LowQual","INV","DELLY",NA,54,1
"121","NC_044051.1_26619381_27237936",16216,"NC_044051.1","INV00002551",26619623,26619865,26619381,27237694,27237936,27237452,618071,"0/1",66,"LowQual","INV","DELLY",NA,55,30
"122","NC_044051.1_26619632_27237695",16216,"NC_044051.1","gridss11bb_167",NA,26619623,26619632,NA,27237695,27237704,618072,NA,50.58,"LOW_QUAL;NO_ASSEMBLY","INV","GRIDSS","-",55,30
"123","NC_044051.1_2788378_2796328",16216,"NC_044051.1","INV00002051",2788544,2788710,2788378,2796162,2796328,2795996,7618,"0/1",85,"PASS","INV","DELLY",NA,34,19
"124","NC_044051.1_2788544_2796106",16216,"NC_044051.1","gridss9bb_159",NA,2788476,2788544,NA,2796106,2796163,7623,NA,50.63,"LOW_QUAL;NO_ASSEMBLY","INV","GRIDSS","-",34,19
"125","NC_044051.1_2903240_2903308",16216,"NC_044051.1","gridss9ff_141",NA,2903240,2903240,NA,2903308,2903308,68,NA,753.11,"SINGLE_ASSEMBLY","INV","GRIDSS","+",273,124
"126","NC_044051.1_2903242_2903309",16216,"NC_044051.1","gridss9bb_166",NA,2903240,2903242,NA,2903309,2903311,68,NA,762.73,"SINGLE_ASSEMBLY","INV","GRIDSS","-",220,124
"127","NC_044051.1_2913581_40167116",16216,"NC_044051.1","INV00002080",2913725,2913869,2913581,40166972,40167116,40166828,37253247,"0/1",58,"PASS","INV","DELLY",NA,35,1
"128","NC_044051.1_30849340_30849386",16216,"NC_044051.1","gridss12ff_52",NA,30849337,30849340,NA,30849386,30849389,49,NA,295.99,"LOW_QUAL","INV","GRIDSS","+",290,1
"129","NC_044051.1_31062810_35680005",16216,"NC_044051.1","gridss12ff_53",NA,31062810,31062810,NA,35680005,35680005,4617196,NA,146.94,"LOW_QUAL;SINGLE_ASSEMBLY","INV","GRIDSS","+",291,1
"130","NC_044051.1_31247375_31413342",16216,"NC_044051.1","INV00002601",31247529,31247683,31247375,31413188,31413342,31413034,165659,"0/1",92,"PASS","INV","DELLY",NA,56,31
"131","NC_044051.1_31247474_31413221",16216,"NC_044051.1","INV00002602",31247696,31247918,31247474,31412999,31413221,31412777,165303,"0/1",62,"LowQual","INV","DELLY",NA,56,31
"132","NC_044051.1_31247595_31413188",16216,"NC_044051.1","gridss12ff_61",NA,31247528,31247595,NA,31413188,31413272,165668,NA,50.63,"LOW_QUAL;NO_ASSEMBLY","INV","GRIDSS","+",56,31
"133","NC_044051.1_31250864_31378362",16216,"NC_044051.1","INV00002603",31251119,31251374,31250864,31378107,31378362,31377852,126988,"0/1",120,"LowQual","INV","DELLY",NA,57,32
"134","NC_044051.1_31251118_31378107",16216,"NC_044051.1","gridss12ff_62",NA,31251118,31251118,NA,31378107,31378107,126997,NA,471.63,"LOW_QUAL","INV","GRIDSS","+",57,32
"135","NC_044051.1_31375915_31388205",16216,"NC_044051.1","gridss12bb_60",NA,31375915,31375915,NA,31388205,31388205,12289,NA,246.92,"LOW_QUAL","INV","GRIDSS","-",292,1
"136","NC_044051.1_33337520_42226052",16216,"NC_044051.1","INV00002642",33337763,33338006,33337520,42225809,42226052,42225566,8888046,"0/1",47,"LowQual","INV","DELLY",NA,58,33
"137","NC_044051.1_33337689_41909500",16216,"NC_044051.1","INV00002643",33337890,33338091,33337689,41909299,41909500,41909098,8571409,"0/1",53,"LowQual","INV","DELLY",NA,58,33
"138","NC_044051.1_33576696_41522022",16216,"NC_044051.1","gridss12bb_123",NA,33576696,33576696,NA,41522022,41522022,7945370,NA,181.76,"LOW_QUAL","INV","GRIDSS","-",293,1
"139","NC_044051.1_35783099_40125794",16216,"NC_044051.1","INV00002701",35783270,35783441,35783099,40125623,40125794,40125452,4342353,"0/1",119,"PASS","INV","DELLY",NA,59,34
"140","NC_044051.1_35783362_40125623",16216,"NC_044051.1","gridss12ff_217",NA,35783269,35783362,NA,40125623,40125715,4342353,NA,67.51,"LOW_QUAL;NO_ASSEMBLY","INV","GRIDSS","+",59,34
"141","NC_044051.1_35944154_41819859",16216,"NC_044051.1","INV00002704",35944356,35944558,35944154,41819657,41819859,41819455,5875301,"0/1",37,"LowQual","INV","DELLY",NA,60,1
"142","NC_044051.1_36278387_40352371",16216,"NC_044051.1","INV00002712",36278565,36278743,36278387,40352193,40352371,40352015,4073628,"0/1",71,"LowQual","INV","DELLY",NA,61,1
"143","NC_044051.1_36859943_36859997",16216,"NC_044051.1","gridss12bb_236",NA,36859943,36859943,NA,36859997,36859997,53,NA,121.42,"LOW_QUAL;SINGLE_ASSEMBLY","INV","GRIDSS","-",294,1
"144","NC_044051.1_40135475_40292506",16216,"NC_044051.1","INV00002810",40135660,40135845,40135475,40292321,40292506,40292136,156661,"0/0",28,"LowQual","INV","DELLY",NA,62,1
"145","NC_044051.1_40235653_41603241",16216,"NC_044051.1","INV00002816",40235852,40236051,40235653,41603042,41603241,41602843,1367190,"0/0",32,"LowQual","INV","DELLY",NA,63,1
"146","NC_044051.1_41504124_41891881",16216,"NC_044051.1","INV00002840",41504343,41504562,41504124,41891662,41891881,41891443,387319,"0/1",102,"LowQual","INV","DELLY",NA,64,1
"147","NC_044051.1_41567421_41863899",16216,"NC_044051.1","gridss13ff_97",NA,41567421,41567421,NA,41863899,41863899,296479,NA,130.97,"LOW_QUAL;SINGLE_ASSEMBLY","INV","GRIDSS","+",295,1
"148","NC_044051.1_41577316_41860297",16216,"NC_044051.1","gridss13ff_101",NA,41577316,41577316,NA,41860297,41860297,282980,NA,475.5,"LOW_QUAL","INV","GRIDSS","+",296,1
"149","NC_044051.1_41577414_41860257",16216,"NC_044051.1","gridss13bb_84",NA,41577413,41577414,NA,41860257,41860258,282844,NA,243.78,"LOW_QUAL","INV","GRIDSS","-",297,1
"150","NC_044051.1_43744322_43748420",16216,"NC_044051.1","INV00002889",43744540,43744758,43744322,43748202,43748420,43747984,3662,"0/1",120,"LowQual","INV","DELLY",NA,65,35
"151","NC_044051.1_43744468_43748203",16216,"NC_044051.1","gridss13bb_173",NA,43744466,43744468,NA,43748203,43748205,3736,NA,493.35,"LOW_QUAL","INV","GRIDSS","-",65,35
"152","NC_044051.1_4620082_4684144",16216,"NC_044051.1","INV00002137",4620283,4620484,4620082,4683943,4684144,4683742,63660,"0/1",70,"LowQual","INV","DELLY",NA,36,1
"153","NC_044051.1_4622954_4680395",16216,"NC_044051.1","gridss9ff_242",NA,4622947,4622954,NA,4680395,4680402,57448,NA,244.88,"LOW_QUAL;SINGLE_ASSEMBLY","INV","GRIDSS","+",274,1
"154","NC_044051.1_4898020_5100272",16216,"NC_044051.1","INV00002143",4898243,4898466,4898020,5100049,5100272,5099826,201806,"0/1",62,"LowQual","INV","DELLY",NA,37,1
"155","NC_044051.1_5043115_5049897",16216,"NC_044051.1","gridss9bb_269",NA,5043115,5043115,NA,5049897,5049897,6790,NA,100.29,"LOW_QUAL;SINGLE_ASSEMBLY","INV","GRIDSS","-",275,1
"156","NC_044051.1_5112711_35243498",16216,"NC_044051.1","gridss9bb_270",NA,5112711,5112711,NA,35243498,35243498,30130791,NA,234.65,"LOW_QUAL;SINGLE_ASSEMBLY","INV","GRIDSS","-",276,1
"157","NC_044051.1_5112722_35243484",16216,"NC_044051.1","gridss9bb_271",NA,5112722,5112722,NA,35243484,35243484,30130763,NA,79.23,"LOW_QUAL;NO_ASSEMBLY","INV","GRIDSS","-",277,1
"158","NC_044051.1_5961332_5963585",16216,"NC_044051.1","INV00002175",5961532,5961732,5961332,5963385,5963585,5963185,1853,"0/1",120,"LowQual","INV","DELLY",NA,38,20
"159","NC_044051.1_5961531_5963385",16216,"NC_044051.1","gridss9ff_310",NA,5961531,5961531,NA,5963385,5963385,1858,NA,225.44,"LOW_QUAL;SINGLE_ASSEMBLY","INV","GRIDSS","+",38,20
"160","NC_044051.1_5963122_5963386",16216,"NC_044051.1","gridss9bb_320",NA,5963122,5963122,NA,5963386,5963386,265,NA,210.45,"LOW_QUAL;SINGLE_ASSEMBLY","INV","GRIDSS","-",278,1
"161","NC_044051.1_7060466_34405522",16216,"NC_044051.1","gridss9ff_369",NA,7060466,7060466,NA,34405522,34405522,27345067,NA,105.36,"LOW_QUAL;SINGLE_ASSEMBLY","INV","GRIDSS","+",279,1
"162","NC_044052.1_15046921_15046950",16216,"NC_044052.1","gridss15ff_26",NA,15046920,15046921,NA,15046950,15046951,30,NA,138.83,"LOW_QUAL;SINGLE_ASSEMBLY","INV","GRIDSS","+",299,1
"163","NC_044052.1_20108768_20111873",16216,"NC_044052.1","gridss15ff_254",NA,20108768,20108768,NA,20111873,20111873,3137,NA,204.32,"LOW_QUAL","INV","GRIDSS","+",300,1
"164","NC_044052.1_20108775_20111836",16216,"NC_044052.1","gridss15bb_280",NA,20108775,20108775,NA,20111836,20111836,3063,NA,223.13,"LOW_QUAL;SINGLE_ASSEMBLY","INV","GRIDSS","-",301,1
"165","NC_044052.1_20451771_20452091",16216,"NC_044052.1","gridss15ff_266",NA,20451771,20451771,NA,20452091,20452091,346,NA,393.78,"LOW_QUAL","INV","GRIDSS","+",302,1
"166","NC_044052.1_20452091_20479276",16216,"NC_044052.1","gridss15ff_267",NA,20452091,20452091,NA,20479276,20479276,27233,NA,50.63,"LOW_QUAL;SINGLE_ASSEMBLY","INV","GRIDSS","+",303,1
"167","NC_044052.1_20822884_20822983",16216,"NC_044052.1","gridss15bb_307",NA,20822884,20822884,NA,20822983,20822983,98,NA,194.13,"LOW_QUAL;SINGLE_ASSEMBLY","INV","GRIDSS","-",304,1
"168","NC_044052.1_20822894_20822928",16216,"NC_044052.1","gridss15bb_308",NA,20822894,20822894,NA,20822928,20822928,33,NA,106.84,"LOW_QUAL;SINGLE_ASSEMBLY","INV","GRIDSS","-",305,1
"169","NC_044052.1_2227262_6844992",16216,"NC_044052.1","INV00002920",2227491,2227720,2227262,6844763,6844992,6844534,4617272,"0/1",159,"PASS","INV","DELLY",NA,66,36
"170","NC_044052.1_2227490_6844763",16216,"NC_044052.1","gridss13ff_212",NA,2227490,2227490,NA,6844763,6844763,4617332,NA,273.2,"LOW_QUAL","INV","GRIDSS","+",66,36
"171","NC_044052.1_3252582_13785482",16216,"NC_044052.1","INV00002933",3252768,3252954,3252582,13785296,13785482,13785110,10532528,"0/1",72,"LowQual","INV","DELLY",NA,67,37
"172","NC_044052.1_3252795_13785275",16216,"NC_044052.1","gridss13ff_236",NA,3252774,3252795,NA,13785275,13785296,10532501,NA,71.46,"LOW_QUAL;NO_ASSEMBLY","INV","GRIDSS","+",67,37
"173","NC_044052.1_9920313_14166227",16216,"NC_044052.1","gridss14ff_157",NA,9920313,9920313,NA,14166227,14166227,4245915,NA,130.8,"LOW_QUAL;SINGLE_ASSEMBLY","INV","GRIDSS","+",298,1
"174","NC_044053.1_12356506_12606804",16216,"NC_044053.1","INV00003667",12356647,12356788,12356506,12606663,12606804,12606522,250016,"0/1",41,"LowQual","INV","DELLY",NA,91,1
"175","NC_044053.1_12554562_12583921",16216,"NC_044053.1","gridss17ff_130",NA,12554557,12554562,NA,12583921,12583926,29364,NA,164.67,"LOW_QUAL;SINGLE_ASSEMBLY","INV","GRIDSS","+",317,1
"176","NC_044053.1_13173785_13174808",16216,"NC_044053.1","INV00003681",13173914,13174043,13173785,13174679,13174808,13174550,765,"0/1",120,"LowQual","INV","DELLY",NA,92,48
"177","NC_044053.1_13173913_13174677",16216,"NC_044053.1","gridss17ff_180",NA,13173911,13173913,NA,13174677,13174679,765,NA,259.21,"LOW_QUAL","INV","GRIDSS","+",92,48
"178","NC_044053.1_13174096_13174346",16216,"NC_044053.1","gridss17bb_186",NA,13174096,13174096,NA,13174346,13174346,252,NA,464.44,"LOW_QUAL","INV","GRIDSS","-",318,1
"179","NC_044053.1_14159646_14159714",16216,"NC_044053.1","gridss17ff_229",NA,14159637,14159646,NA,14159714,14159723,77,NA,183.34,"LOW_QUAL;SINGLE_ASSEMBLY","INV","GRIDSS","+",319,1
"180","NC_044053.1_14672175_14673180",16216,"NC_044053.1","INV00003717",14672427,14672679,14672175,14672928,14673180,14672676,501,"0/1",120,"LowQual","INV","DELLY",NA,93,49
"181","NC_044053.1_14672426_14672925",16216,"NC_044053.1","gridss17ff_250",NA,14672423,14672426,NA,14672925,14672928,502,NA,549.28,"PASS","INV","GRIDSS","+",93,49
"182","NC_044053.1_1642756_2727814",16216,"NC_044053.1","gridss16ff_62",NA,1642732,1642756,NA,2727814,2727838,1085081,NA,63.28,"LOW_QUAL;SINGLE_ASSEMBLY","INV","GRIDSS","+",306,1
"183","NC_044053.1_1645287_1718994",16216,"NC_044053.1","gridss16bb_64",NA,1645287,1645287,NA,1718994,1718994,73710,NA,139.6,"LOW_QUAL;SINGLE_ASSEMBLY","INV","GRIDSS","-",307,1
"184","NC_044053.1_1645290_1666519",16216,"NC_044053.1","gridss16ff_65",NA,1645290,1645290,NA,1666519,1666519,21240,NA,135.6,"LOW_QUAL;SINGLE_ASSEMBLY","INV","GRIDSS","+",308,1
"185","NC_044053.1_1648727_1668249",16216,"NC_044053.1","INV00003414",1648946,1649165,1648727,1668030,1668249,1667811,19084,"0/1",112,"LowQual","INV","DELLY",NA,68,1
"186","NC_044053.1_1650385_1666148",16216,"NC_044053.1","INV00003415",1650541,1650697,1650385,1665992,1666148,1665836,15451,"0/1",95,"LowQual","INV","DELLY",NA,69,38
"187","NC_044053.1_1650540_1665985",16216,"NC_044053.1","gridss16ff_68",NA,1650540,1650540,NA,1665985,1665985,15449,NA,226.08,"LOW_QUAL","INV","GRIDSS","+",69,38
"188","NC_044053.1_1650699_1666304",16216,"NC_044053.1","INV00003416",1650914,1651129,1650699,1666089,1666304,1665874,15175,"0/1",239,"PASS","INV","DELLY",NA,70,39
"189","NC_044053.1_1650912_1666033",16216,"NC_044053.1","gridss16ff_70",NA,1650857,1650912,NA,1666033,1666088,15176,NA,135.02,"LOW_QUAL;SINGLE_ASSEMBLY","INV","GRIDSS","+",70,39
"190","NC_044053.1_1655882_2783360",16216,"NC_044053.1","gridss16bb_68",NA,1655882,1655882,NA,2783360,2783360,1127494,NA,376.38,"LOW_QUAL;SINGLE_ASSEMBLY","INV","GRIDSS","-",309,1
"191","NC_044053.1_1699147_1794401",16216,"NC_044053.1","INV00003425",1699299,1699451,1699147,1794249,1794401,1794097,94950,"0/1",96,"PASS","INV","DELLY",NA,71,40
"192","NC_044053.1_1699341_1794249",16216,"NC_044053.1","gridss16ff_77",NA,1699298,1699341,NA,1794249,1794354,94981,NA,50.63,"LOW_QUAL;NO_ASSEMBLY","INV","GRIDSS","+",71,40
"193","NC_044053.1_1699774_1793656",16216,"NC_044053.1","INV00003426",1699873,1699972,1699774,1793557,1793656,1793458,93684,"0/1",86,"LowQual","INV","DELLY",NA,72,1
"194","NC_044053.1_1700186_1793368",16216,"NC_044053.1","INV00003427",1700388,1700590,1700186,1793166,1793368,1792964,92778,"0/1",82,"LowQual","INV","DELLY",NA,73,1
"195","NC_044053.1_1719249_2774578",16216,"NC_044053.1","INV00003429",1719469,1719689,1719249,2774358,2774578,2774138,1054889,"0/0",41,"LowQual","INV","DELLY",NA,74,1
"196","NC_044053.1_1721433_2721423",16216,"NC_044053.1","INV00003431",1721721,1722009,1721433,2721135,2721423,2720847,999414,"0/1",27,"LowQual","INV","DELLY",NA,75,1
"197","NC_044053.1_1729075_2815852",16216,"NC_044053.1","gridss16bb_78",NA,1729075,1729075,NA,2815852,2815852,1086783,NA,112.66,"LOW_QUAL;SINGLE_ASSEMBLY","INV","GRIDSS","-",310,1
"198","NC_044053.1_1731113_2763142",16216,"NC_044053.1","INV00003434",1731394,1731675,1731113,2762861,2763142,2762580,1031467,"1/1",48,"LowQual","INV","DELLY",NA,76,1
"199","NC_044053.1_1741931_2571493",16216,"NC_044053.1","INV00003435",1742136,1742341,1741931,2571288,2571493,2571083,829152,"0/1",51,"LowQual","INV","DELLY",NA,77,41
"200","NC_044053.1_1742036_2571275",16216,"NC_044053.1","gridss16ff_85",NA,1742036,1742036,NA,2571275,2571275,829245,NA,87.38,"LOW_QUAL;SINGLE_ASSEMBLY","INV","GRIDSS","+",77,41
"201","NC_044053.1_1742058_2571248",16216,"NC_044053.1","gridss16ff_86",NA,1742058,1742058,NA,2571248,2571248,829202,NA,67.2,"LOW_QUAL;NO_ASSEMBLY","INV","GRIDSS","+",311,41
"202","NC_044053.1_1744254_2624059",16216,"NC_044053.1","INV00003436",1744460,1744666,1744254,2623853,2624059,2623647,879393,"0/1",83,"PASS","INV","DELLY",NA,78,42
"203","NC_044053.1_1744567_2623853",16216,"NC_044053.1","gridss16ff_88",NA,1744459,1744567,NA,2623853,2623954,879389,NA,50.63,"LOW_QUAL;NO_ASSEMBLY","INV","GRIDSS","+",78,42
"204","NC_044053.1_1746227_2722221",16216,"NC_044053.1","gridss16bb_82",NA,1746219,1746227,NA,2722221,2722229,976001,NA,98.53,"LOW_QUAL;SINGLE_ASSEMBLY","INV","GRIDSS","-",312,1
"205","NC_044053.1_1754790_2813536",16216,"NC_044053.1","INV00003439",1755012,1755234,1754790,2813314,2813536,2813092,1058302,"0/1",31,"LowQual","INV","DELLY",NA,79,1
"206","NC_044053.1_1785333_2774640",16216,"NC_044053.1","INV00003441",1785503,1785673,1785333,2774470,2774640,2774300,988967,"0/1",169,"PASS","INV","DELLY",NA,80,43
"207","NC_044053.1_1785503_2774410",16216,"NC_044053.1","gridss16bb_87",NA,1785401,1785503,NA,2774410,2774471,988987,NA,50.63,"LOW_QUAL;SINGLE_ASSEMBLY","INV","GRIDSS","-",80,43
"208","NC_044053.1_1793465_2701151",16216,"NC_044053.1","INV00003442",1793636,1793807,1793465,2700980,2701151,2700809,907344,"0/0",38,"LowQual","INV","DELLY",NA,81,1
"209","NC_044053.1_18020504_18030650",16216,"NC_044053.1","INV00003760",18020592,18020680,18020504,18030562,18030650,18030474,9970,"0/1",180,"PASS","INV","DELLY",NA,94,50
"210","NC_044053.1_18020591_18030559",16216,"NC_044053.1","gridss17ff_380",NA,18020588,18020591,NA,18030559,18030562,9971,NA,767.13,"PASS","INV","GRIDSS","+",94,50
"211","NC_044053.1_3396729_3398594",16216,"NC_044053.1","gridss16ff_167",NA,3396729,3396729,NA,3398594,3398594,1869,NA,141.55,"LOW_QUAL;SINGLE_ASSEMBLY","INV","GRIDSS","+",313,1
"212","NC_044053.1_3396746_3398544",16216,"NC_044053.1","gridss16bb_144",NA,3396745,3396746,NA,3398544,3398545,1799,NA,74.52,"LOW_QUAL;NO_ASSEMBLY","INV","GRIDSS","-",314,1
"213","NC_044053.1_3470080_3494880",16216,"NC_044053.1","INV00003522",3470233,3470386,3470080,3494727,3494880,3494574,24494,"0/1",83,"LowQual","INV","DELLY",NA,82,44
"214","NC_044053.1_3470101_3494569",16216,"NC_044053.1","INV00003523",3470310,3470519,3470101,3494360,3494569,3494151,24050,"0/1",101,"LowQual","INV","DELLY",NA,82,44
"215","NC_044053.1_3470310_3494361",16216,"NC_044053.1","gridss16bb_146",NA,3470310,3470310,NA,3494361,3494361,24090,NA,250.69,"LOW_QUAL","INV","GRIDSS","-",82,44
"216","NC_044053.1_3917353_3927082",16216,"NC_044053.1","INV00003532",3917579,3917805,3917353,3926856,3927082,3926630,9277,"0/1",30,"LowQual","INV","DELLY",NA,83,1
"217","NC_044053.1_4187081_5466792",16216,"NC_044053.1","INV00003536",4187279,4187477,4187081,5466594,5466792,5466396,1279315,"0/1",62,"LowQual","INV","DELLY",NA,84,1
"218","NC_044053.1_5457861_5888546",16216,"NC_044053.1","INV00003552",5458101,5458341,5457861,5888306,5888546,5888066,430205,"0/1",122,"PASS","INV","DELLY",NA,85,45
"219","NC_044053.1_5457972_5888216",16216,"NC_044053.1","INV00003553",5458110,5458248,5457972,5888078,5888216,5887940,429968,"0/1",65,"LowQual","INV","DELLY",NA,85,45
"220","NC_044053.1_5458248_5888306",16216,"NC_044053.1","gridss16ff_219",NA,5458100,5458248,NA,5888306,5888460,430208,NA,50.63,"LOW_QUAL;NO_ASSEMBLY","INV","GRIDSS","+",85,45
"221","NC_044053.1_5463947_5885017",16216,"NC_044053.1","INV00003554",5464105,5464263,5463947,5884859,5885017,5884701,420754,"0/1",108,"PASS","INV","DELLY",NA,86,46
"222","NC_044053.1_5464112_5884860",16216,"NC_044053.1","gridss16bb_199",NA,5464105,5464112,NA,5884860,5884867,420755,NA,336.12,"LOW_QUAL","INV","GRIDSS","-",86,46
"223","NC_044053.1_5608238_5892174",16216,"NC_044053.1","INV00003556",5608478,5608718,5608238,5891934,5892174,5891694,283456,"0/1",37,"LowQual","INV","DELLY",NA,87,1
"224","NC_044053.1_5779121_20167116",16216,"NC_044053.1","INV00003558",5779342,5779563,5779121,20166895,20167116,20166674,14387553,"0/1",71,"LowQual","INV","DELLY",NA,88,1
"225","NC_044053.1_6741926_6742005",16216,"NC_044053.1","gridss16ff_257",NA,6741926,6741926,NA,6742005,6742005,108,NA,119.58,"LOW_QUAL;SINGLE_ASSEMBLY","INV","GRIDSS","+",315,1
"226","NC_044053.1_7026340_7176358",16216,"NC_044053.1","INV00003572",7026509,7026678,7026340,7176189,7176358,7176020,149680,"0/1",82,"PASS","INV","DELLY",NA,89,1
"227","NC_044053.1_7968102_14660042",16216,"NC_044053.1","INV00003598",7968300,7968498,7968102,14659844,14660042,14659646,6691544,"0/1",55,"LowQual","INV","DELLY",NA,90,47
"228","NC_044053.1_7968300_14659845",16216,"NC_044053.1","gridss16bb_269",NA,7968300,7968300,NA,14659845,14659845,6691571,NA,99.88,"LOW_QUAL;NO_ASSEMBLY","INV","GRIDSS","-",90,47
"229","NC_044053.1_7968384_7984220",16216,"NC_044053.1","gridss16ff_309",NA,7968377,7968384,NA,7984220,7984227,15843,NA,103.65,"LOW_QUAL;SINGLE_ASSEMBLY","INV","GRIDSS","+",316,47
"230","NC_044054.1_13646736_29608366",16216,"NC_044054.1","INV00004138",13647056,13647376,13646736,29608046,29608366,29607726,15960990,"0/1",28,"LowQual","INV","DELLY",NA,98,1
"231","NC_044054.1_14319741_14319815",16216,"NC_044054.1","gridss20bb_128",NA,14319740,14319741,NA,14319815,14319816,75,NA,59.66,"LOW_QUAL;NO_ASSEMBLY","INV","GRIDSS","-",321,1
"232","NC_044054.1_15762169_30665075",16216,"NC_044054.1","INV00004201",15762341,15762513,15762169,30664903,30665075,30664731,14902562,"0/1",113,"PASS","INV","DELLY",NA,99,53
"233","NC_044054.1_15762340_30664903",16216,"NC_044054.1","gridss20ff_178",NA,15762340,15762340,NA,30664903,30664903,14902572,NA,276.83,"LOW_QUAL","INV","GRIDSS","+",99,53
"234","NC_044054.1_15763434_30622517",16216,"NC_044054.1","INV00004202",15763643,15763852,15763434,30622308,30622517,30622099,14858665,"0/1",94,"PASS","INV","DELLY",NA,100,1
"235","NC_044054.1_22884509_22890816",16216,"NC_044054.1","INV00004367",22884705,22884901,22884509,22890620,22890816,22890424,5915,"0/1",180,"PASS","INV","DELLY",NA,101,54
"236","NC_044054.1_22884528_22890628",16216,"NC_044054.1","gridss21bb_53",NA,22884528,22884528,NA,22890628,22890628,6102,NA,111.64,"LOW_QUAL;SINGLE_ASSEMBLY","INV","GRIDSS","-",101,54
"237","NC_044054.1_22884704_22890617",16216,"NC_044054.1","gridss21ff_55",NA,22884704,22884704,NA,22890617,22890617,5929,NA,357.79,"LOW_QUAL","INV","GRIDSS","+",322,54
"238","NC_044054.1_23106239_23106876",16216,"NC_044054.1","INV00004375",23106396,23106553,23106239,23106719,23106876,23106562,323,"0/1",180,"PASS","INV","DELLY",NA,102,55
"239","NC_044054.1_23106395_23106719",16216,"NC_044054.1","gridss21ff_70",NA,23106395,23106395,NA,23106719,23106719,323,NA,539.43,"PASS","INV","GRIDSS","+",102,55
"240","NC_044054.1_23106398_23106557",16216,"NC_044054.1","gridss21bb_71",NA,23106398,23106398,NA,23106557,23106557,158,NA,166.29,"LOW_QUAL;SINGLE_ASSEMBLY","INV","GRIDSS","-",323,55
"241","NC_044054.1_2326240_3804382",16216,"NC_044054.1","INV00003915",2326477,2326714,2326240,3804145,3804382,3803908,1477668,"0/1",30,"LowQual","INV","DELLY",NA,95,1
"242","NC_044054.1_26409988_26415021",16216,"NC_044054.1","INV00004470",26410211,26410434,26409988,26414798,26415021,26414575,4587,"0/1",95,"LowQual","INV","DELLY",NA,103,56
"243","NC_044054.1_26410211_26414797",16216,"NC_044054.1","gridss21bb_188",NA,26410211,26410211,NA,26414797,26414797,4597,NA,219.99,"LOW_QUAL;SINGLE_ASSEMBLY","INV","GRIDSS","-",103,56
"244","NC_044054.1_26410999_26411032",16216,"NC_044054.1","gridss21bb_189",NA,26410999,26410999,NA,26411032,26411032,37,NA,323.18,"LOW_QUAL;SINGLE_ASSEMBLY","INV","GRIDSS","-",324,1
"245","NC_044054.1_26414575_26697832",16216,"NC_044054.1","INV00004471",26414794,26415013,26414575,26697613,26697832,26697394,282819,"0/1",107,"LowQual","INV","DELLY",NA,104,1
"246","NC_044054.1_2770256_2829543",16216,"NC_044054.1","INV00003922",2770502,2770748,2770256,2829297,2829543,2829051,58795,"1/1",120,"LowQual","INV","DELLY",NA,96,51
"247","NC_044054.1_2770509_2829311",16216,"NC_044054.1","gridss19bb_16",NA,2770502,2770509,NA,2829311,2829318,58809,NA,486.09,"LOW_QUAL","INV","GRIDSS","-",96,51
"248","NC_044054.1_4546275_10132748",16216,"NC_044054.1","gridss19bb_63",NA,4546256,4546275,NA,10132748,10132767,5586492,NA,145.01,"LOW_QUAL;SINGLE_ASSEMBLY","INV","GRIDSS","-",320,1
"249","NC_044054.1_5303645_6764952",16216,"NC_044054.1","INV00003966",5303843,5304041,5303645,6764754,6764952,6764556,1460911,"0/1",110,"LowQual","INV","DELLY",NA,97,52
"250","NC_044054.1_5303929_6764755",16216,"NC_044054.1","gridss19bb_91",NA,5303928,5303929,NA,6764755,6764756,1460827,NA,97.5,"LOW_QUAL;SINGLE_ASSEMBLY","INV","GRIDSS","-",97,52
"251","NC_044055.1_11789920_11794646",16216,"NC_044055.1","INV00004905",11790121,11790322,11789920,11794445,11794646,11794244,4324,"0/1",180,"PASS","INV","DELLY",NA,109,57
"252","NC_044055.1_11790120_11794445",16216,"NC_044055.1","gridss23ff_153",NA,11790120,11790120,NA,11794445,11794445,4336,NA,337,"LOW_QUAL","INV","GRIDSS","+",109,57
"253","NC_044055.1_11790122_11794392",16216,"NC_044055.1","gridss23bb_170",NA,11790122,11790122,NA,11794392,11794392,4281,NA,330.99,"LOW_QUAL","INV","GRIDSS","-",328,57
"254","NC_044055.1_14571316_16906714",16216,"NC_044055.1","INV00004984",14571505,14571694,14571316,16906525,16906714,16906336,2335020,"0/1",112,"LowQual","INV","DELLY",NA,110,58
"255","NC_044055.1_14571528_16906521",16216,"NC_044055.1","gridss23ff_244",NA,14571524,14571528,NA,16906521,16906525,2334996,NA,346.36,"LOW_QUAL","INV","GRIDSS","+",110,58
"256","NC_044055.1_1665996_2514811",16216,"NC_044055.1","INV00004668",1666220,1666444,1665996,2514587,2514811,2514363,848367,"0/1",32,"LowQual","INV","DELLY",NA,105,1
"257","NC_044055.1_1669311_2479231",16216,"NC_044055.1","gridss22ff_130",NA,1669311,1669311,NA,2479231,2479231,809961,NA,50.5,"LOW_QUAL;NO_ASSEMBLY","INV","GRIDSS","+",325,1
"258","NC_044055.1_1671848_2470127",16216,"NC_044055.1","gridss22bb_107",NA,1671847,1671848,NA,2470127,2470128,798280,NA,135.52,"LOW_QUAL;SINGLE_ASSEMBLY","INV","GRIDSS","-",326,1
"259","NC_044055.1_1673823_2448056",16216,"NC_044055.1","INV00004669",1673955,1674087,1673823,2447924,2448056,2447792,773969,"0/1",75,"LowQual","INV","DELLY",NA,106,1
"260","NC_044055.1_17048736_19209190",16216,"NC_044055.1","INV00005031",17048971,17049206,17048736,19208955,19209190,19208720,2159984,"0/1",120,"LowQual","INV","DELLY",NA,111,59
"261","NC_044055.1_17048984_19208956",16216,"NC_044055.1","gridss24bb_9",NA,17048984,17048984,NA,19208956,19208956,2160014,NA,343.33,"LOW_QUAL","INV","GRIDSS","-",111,59
"262","NC_044055.1_21928075_23563831",16216,"NC_044055.1","INV00005126",21928287,21928499,21928075,23563619,23563831,23563407,1635332,"0/1",80,"LowQual","INV","DELLY",NA,112,60
"263","NC_044055.1_21928284_23563578",16216,"NC_044055.1","gridss24ff_197",NA,21928246,21928284,NA,23563578,23563616,1635331,NA,69.12,"LOW_QUAL;NO_ASSEMBLY","INV","GRIDSS","+",112,60
"264","NC_044055.1_22719949_22720067",16216,"NC_044055.1","gridss24ff_219",NA,22719949,22719949,NA,22720067,22720067,150,NA,143.47,"LOW_QUAL;SINGLE_ASSEMBLY","INV","GRIDSS","+",329,142
"265","NC_044055.1_22719949_22720108",16216,"NC_044055.1","gridss24ff_220",NA,22719944,22719949,NA,22720108,22720113,164,NA,452.43,"LOW_QUAL;SINGLE_ASSEMBLY","INV","GRIDSS","+",329,142
"266","NC_044055.1_2272781_10863637",16216,"NC_044055.1","INV00004688",2273006,2273231,2272781,10863412,10863637,10863187,8590406,"0/1",40,"LowQual","INV","DELLY",NA,107,1
"267","NC_044055.1_28901399_28905812",16216,"NC_044055.1","INV00005251",28901620,28901841,28901399,28905591,28905812,28905370,3971,"0/1",43,"LowQual","INV","DELLY",NA,113,1
"268","NC_044055.1_4750498_4784114",16216,"NC_044055.1","INV00004767",4750718,4750938,4750498,4783894,4784114,4783674,33176,"0/1",36,"LowQual","INV","DELLY",NA,108,1
"269","NC_044055.1_8535202_12630544",16216,"NC_044055.1","gridss23ff_63",NA,8535202,8535202,NA,12630544,12630544,4095343,NA,67.64,"LOW_QUAL;SINGLE_ASSEMBLY","INV","GRIDSS","+",327,1
"270","NC_044056.1_12910245_12910302",16216,"NC_044056.1","gridss26ff_223",NA,12910245,12910245,NA,12910302,12910302,56,NA,124.24,"LOW_QUAL;SINGLE_ASSEMBLY","INV","GRIDSS","+",332,1
"271","NC_044056.1_12983689_12983748",16216,"NC_044056.1","gridss26bb_225",NA,12983688,12983689,NA,12983748,12983749,60,NA,353.96,"LOW_QUAL","INV","GRIDSS","-",333,1
"272","NC_044056.1_1543235_1567739",16216,"NC_044056.1","INV00005274",1543393,1543551,1543235,1567581,1567739,1567423,24188,"0/1",120,"LowQual","INV","DELLY",NA,114,1
"273","NC_044056.1_18097591_18097619",16216,"NC_044056.1","gridss27ff_28",NA,18097588,18097591,NA,18097619,18097622,31,NA,86.43,"LOW_QUAL;SINGLE_ASSEMBLY","INV","GRIDSS","+",334,1
"274","NC_044056.1_21575101_21657806",16216,"NC_044056.1","INV00005654",21575325,21575549,21575101,21657582,21657806,21657358,82257,"0/1",36,"LowQual","INV","DELLY",NA,120,1
"275","NC_044056.1_21606645_21639291",16216,"NC_044056.1","INV00005655",21606858,21607071,21606645,21639078,21639291,21638865,32220,"0/1",92,"LowQual","INV","DELLY",NA,121,1
"276","NC_044056.1_25344418_25349285",16216,"NC_044056.1","INV00005711",25344688,25344958,25344418,25349015,25349285,25348745,4327,"0/1",180,"PASS","INV","DELLY",NA,122,64
"277","NC_044056.1_25344679_25349080",16216,"NC_044056.1","gridss27ff_207",NA,25344679,25344679,NA,25349080,25349080,4407,NA,196.43,"LOW_QUAL","INV","GRIDSS","+",122,64
"278","NC_044056.1_25344688_25349016",16216,"NC_044056.1","gridss27bb_184",NA,25344688,25344688,NA,25349016,25349016,4340,NA,478.35,"LOW_QUAL","INV","GRIDSS","-",335,64
"279","NC_044056.1_2691326_2694642",16216,"NC_044056.1","INV00005297",2691502,2691678,2691326,2694466,2694642,2694290,2964,"1/1",120,"LowQual","INV","DELLY",NA,115,61
"280","NC_044056.1_2691377_2694857",16216,"NC_044056.1","INV00005298",2691561,2691745,2691377,2694673,2694857,2694489,3112,"0/1",120,"LowQual","INV","DELLY",NA,115,61
"281","NC_044056.1_2691560_2694668",16216,"NC_044056.1","gridss25ff_283",NA,2691555,2691560,NA,2694668,2694673,3113,NA,576.15,"PASS","INV","GRIDSS","+",115,61
"282","NC_044056.1_2691568_2694467",16216,"NC_044056.1","gridss25bb_254",NA,2691566,2691568,NA,2694467,2694469,2900,NA,52.52,"LOW_QUAL;NO_ASSEMBLY","INV","GRIDSS","-",330,61
"283","NC_044056.1_3239487_3245436",16216,"NC_044056.1","gridss25bb_269",NA,3239487,3239487,NA,3245436,3245436,5954,NA,278.02,"LOW_QUAL","INV","GRIDSS","-",331,1
"284","NC_044056.1_3241676_3245729",16216,"NC_044056.1","INV00005310",3241906,3242136,3241676,3245499,3245729,3245269,3593,"0/1",120,"PASS","INV","DELLY",NA,116,62
"285","NC_044056.1_3241905_3245499",16216,"NC_044056.1","gridss25ff_303",NA,3241905,3241905,NA,3245499,3245499,3598,NA,579.12,"PASS","INV","GRIDSS","+",116,62
"286","NC_044056.1_3363688_3841471",16216,"NC_044056.1","INV00005312",3363842,3363996,3363688,3841317,3841471,3841163,477475,"0/1",79,"LowQual","INV","DELLY",NA,117,1
"287","NC_044056.1_3492946_3873784",16216,"NC_044056.1","INV00005315",3493178,3493410,3492946,3873552,3873784,3873320,380374,"0/1",23,"LowQual","INV","DELLY",NA,118,1
"288","NC_044056.1_9482431_9485518",16216,"NC_044056.1","INV00005431",9482647,9482863,9482431,9485302,9485518,9485086,2655,"0/1",240,"PASS","INV","DELLY",NA,119,63
"289","NC_044056.1_9482647_9485303",16216,"NC_044056.1","gridss26bb_92",NA,9482647,9482647,NA,9485303,9485303,2656,NA,543.47,"PASS","INV","GRIDSS","-",119,63
"290","NC_044057.1_17280947_17298312",16216,"NC_044057.1","INV00006022",17281232,17281517,17280947,17298027,17298312,17297742,16795,"0/1",120,"LowQual","INV","DELLY",NA,125,67
"291","NC_044057.1_17281231_17298027",16216,"NC_044057.1","gridss29ff_136",NA,17281231,17281231,NA,17298027,17298027,16798,NA,784.07,"PASS","INV","GRIDSS","+",125,67
"292","NC_044057.1_2126041_2130216",16216,"NC_044057.1","gridss28bb_30",NA,2126038,2126041,NA,2130216,2130219,4178,NA,59.94,"LOW_QUAL;NO_ASSEMBLY","INV","GRIDSS","-",336,1
"293","NC_044057.1_23276145_23284908",16216,"NC_044057.1","INV00006120",23276386,23276627,23276145,23284667,23284908,23284426,8281,"0/1",58,"LowQual","INV","DELLY",NA,126,68
"294","NC_044057.1_23276210_23284778",16216,"NC_044057.1","INV00006121",23276440,23276670,23276210,23284548,23284778,23284318,8108,"0/1",42,"LowQual","INV","DELLY",NA,126,68
"295","NC_044057.1_23281631_23536292",16216,"NC_044057.1","gridss30bb_115",NA,23281629,23281631,NA,23536292,23536294,254662,NA,309.24,"LOW_QUAL","INV","GRIDSS","-",341,1
"296","NC_044057.1_23397565_24730527",16216,"NC_044057.1","INV00006123",23397829,23398093,23397565,24730263,24730527,24729999,1332434,"0/1",30,"LowQual","INV","DELLY",NA,127,1
"297","NC_044057.1_24504761_24507905",16216,"NC_044057.1","gridss30ff_129",NA,24504759,24504761,NA,24507905,24507907,3145,NA,324.61,"LOW_QUAL","INV","GRIDSS","+",342,1
"298","NC_044057.1_24504762_24507858",16216,"NC_044057.1","gridss30bb_149",NA,24504762,24504762,NA,24507858,24507858,3100,NA,397.63,"LOW_QUAL","INV","GRIDSS","-",343,1
"299","NC_044057.1_27159575_27168914",16216,"NC_044057.1","INV00006223",27159774,27159973,27159575,27168715,27168914,27168516,8941,"0/1",98,"LowQual","INV","DELLY",NA,128,1
"300","NC_044057.1_3857474_22950347",16216,"NC_044057.1","gridss28bb_63",NA,3857474,3857474,NA,22950347,22950347,19092887,NA,76.57,"LOW_QUAL;SINGLE_ASSEMBLY","INV","GRIDSS","-",337,1
"301","NC_044057.1_4083766_18760922",16216,"NC_044057.1","gridss28bb_70",NA,4083716,4083766,NA,18760922,18760972,14677205,NA,119.44,"LOW_QUAL;SINGLE_ASSEMBLY","INV","GRIDSS","-",338,1
"302","NC_044057.1_4735263_4740574",16216,"NC_044057.1","INV00005836",4735491,4735719,4735263,4740346,4740574,4740118,4855,"1/1",120,"LowQual","INV","DELLY",NA,123,65
"303","NC_044057.1_4735546_4740407",16216,"NC_044057.1","gridss28ff_121",NA,4735546,4735546,NA,4740407,4740407,4869,NA,217.13,"LOW_QUAL","INV","GRIDSS","+",123,65
"304","NC_044057.1_5934201_25108831",16216,"NC_044057.1","gridss28ff_167",NA,5934201,5934201,NA,25108831,25108831,19174631,NA,58.02,"LOW_QUAL;NO_ASSEMBLY","INV","GRIDSS","+",339,1
"305","NC_044057.1_6282663_6285463",16216,"NC_044057.1","INV00005874",6282922,6283181,6282663,6285204,6285463,6284945,2282,"0/1",58,"LowQual","INV","DELLY",NA,124,66
"306","NC_044057.1_6282846_6285205",16216,"NC_044057.1","gridss28bb_142",NA,6282846,6282846,NA,6285205,6285205,2363,NA,335.03,"LOW_QUAL","INV","GRIDSS","-",124,66
"307","NC_044057.1_6282921_6285197",16216,"NC_044057.1","gridss28ff_180",NA,6282914,6282921,NA,6285197,6285204,2283,NA,146.65,"LOW_QUAL;NO_ASSEMBLY","INV","GRIDSS","+",340,66
"308","NC_044058.1_12900228_12903828",16216,"NC_044058.1","INV00006390",12900459,12900690,12900228,12903597,12903828,12903366,3138,"0/1",98,"LowQual","INV","DELLY",NA,129,69
"309","NC_044058.1_12900459_12903598",16216,"NC_044058.1","gridss32bb_10",NA,12900459,12900459,NA,12903598,12903598,3159,NA,379.2,"LOW_QUAL","INV","GRIDSS","-",129,69
"310","NC_044058.1_12900669_12904435",16216,"NC_044058.1","gridss32ff_6",NA,12900669,12900669,NA,12904435,12904435,3788,NA,292.72,"LOW_QUAL","INV","GRIDSS","+",344,69
"311","NC_044058.1_13756362_27661840",16216,"NC_044058.1","gridss32ff_28",NA,13756362,13756362,NA,27661840,27661840,13905478,NA,70.44,"LOW_QUAL;SINGLE_ASSEMBLY","INV","GRIDSS","+",345,1
"312","NC_044058.1_22075673_22146790",16216,"NC_044058.1","INV00006546",22075886,22076099,22075673,22146577,22146790,22146364,70691,"1/1",145,"PASS","INV","DELLY",NA,130,70
"313","NC_044058.1_22075886_22146578",16216,"NC_044058.1","gridss32bb_268",NA,22075886,22075886,NA,22146578,22146578,70718,NA,262.37,"LOW_QUAL","INV","GRIDSS","-",130,70
"314","NC_044058.1_22096359_22973170",16216,"NC_044058.1","gridss32ff_298",NA,22096359,22096359,NA,22973170,22973170,876825,NA,799.56,"PASS","INV","GRIDSS","+",346,1
"315","NC_044058.1_22136703_22941127",16216,"NC_044058.1","INV00006550",22136927,22137151,22136703,22940903,22941127,22940679,803976,"0/1",74,"LowQual","INV","DELLY",NA,131,1
"316","NC_044058.1_22137153_22940605",16216,"NC_044058.1","INV00006551",22137315,22137477,22137153,22940443,22940605,22940281,803128,"0/1",104,"LowQual","INV","DELLY",NA,132,1
"317","NC_044059.1_1493893_1494879",16216,"NC_044059.1","INV00006766",1494045,1494197,1493893,1494727,1494879,1494575,682,"0/1",120,"LowQual","INV","DELLY",NA,133,71
"318","NC_044059.1_1493969_1494676",16216,"NC_044059.1","gridss33bb_182",NA,1493968,1493969,NA,1494676,1494677,708,NA,478.75,"LOW_QUAL","INV","GRIDSS","-",133,71
"319","NC_044059.1_1494044_1494660",16216,"NC_044059.1","gridss33ff_185",NA,1494043,1494044,NA,1494660,1494661,617,NA,428.94,"LOW_QUAL","INV","GRIDSS","+",347,71
"320","NC_044059.1_1799338_16740489",16216,"NC_044059.1","INV00006770",1799581,1799824,1799338,16740246,16740489,16740003,14940665,"0/1",34,"LowQual","INV","DELLY",NA,134,1
"321","NC_044059.1_19217405_19254831",16216,"NC_044059.1","INV00007078",19217587,19217769,19217405,19254649,19254831,19254467,37062,"0/1",110,"LowQual","INV","DELLY",NA,136,1
"322","NC_044059.1_22794101_22811614",16216,"NC_044059.1","INV00007145",22794370,22794639,22794101,22811345,22811614,22811076,16975,"0/1",65,"LowQual","INV","DELLY",NA,137,73
"323","NC_044059.1_22794369_22811345",16216,"NC_044059.1","gridss36ff_31",NA,22794369,22794369,NA,22811345,22811345,16989,NA,382.84,"LOW_QUAL;SINGLE_ASSEMBLY","INV","GRIDSS","+",137,73
"324","NC_044059.1_22811296_22830462",16216,"NC_044059.1","gridss36bb_33",NA,22811283,22811296,NA,22830462,22830475,19179,NA,118.71,"LOW_QUAL;SINGLE_ASSEMBLY","INV","GRIDSS","-",350,1
"325","NC_044059.1_30721788_30725732",16216,"NC_044059.1","INV00007330",30722005,30722222,30721788,30725515,30725732,30725298,3510,"0/1",42,"LowQual","INV","DELLY",NA,138,1
"326","NC_044059.1_6935068_6936152",16216,"NC_044059.1","gridss34ff_120",NA,6935067,6935068,NA,6936152,6936153,1085,NA,389.1,"LOW_QUAL;SINGLE_ASSEMBLY","INV","GRIDSS","+",348,1
"327","NC_044059.1_6935071_6936115",16216,"NC_044059.1","gridss34bb_105",NA,6935071,6935071,NA,6936115,6936115,1047,NA,385.39,"LOW_QUAL;SINGLE_ASSEMBLY","INV","GRIDSS","-",349,1
"328","NC_044059.1_7087054_7089903",16216,"NC_044059.1","INV00006875",7087290,7087526,7087054,7089667,7089903,7089431,2377,"1/1",240,"PASS","INV","DELLY",NA,135,72
"329","NC_044059.1_7087291_7089668",16216,"NC_044059.1","gridss34bb_109",NA,7087290,7087291,NA,7089668,7089669,2378,NA,1121.74,"PASS","INV","GRIDSS","-",135,72
"330","NC_044060.1_17145522_18920470",16216,"NC_044060.1","gridss38bb_168",NA,17145522,17145522,NA,18920470,18920470,1774951,NA,174.05,"LOW_QUAL","INV","GRIDSS","-",352,1
"331","NC_044060.1_17145633_18920461",16216,"NC_044060.1","gridss38ff_152",NA,17145633,17145633,NA,18920461,18920461,1774831,NA,412.78,"LOW_QUAL","INV","GRIDSS","+",353,1
"332","NC_044060.1_22908244_26935472",16216,"NC_044060.1","INV00007802",22908440,22908636,22908244,26935276,26935472,26935080,4026836,"0/1",48,"LowQual","INV","DELLY",NA,140,1
"333","NC_044060.1_23233536_27178946",16216,"NC_044060.1","INV00007804",23233758,23233980,23233536,27178724,27178946,27178502,3944966,"0/1",53,"LowQual","INV","DELLY",NA,141,74
"334","NC_044060.1_23233719_27178744",16216,"NC_044060.1","gridss39ff_36",NA,23233713,23233719,NA,27178744,27178750,3945030,NA,109.03,"LOW_QUAL;SINGLE_ASSEMBLY","INV","GRIDSS","+",141,74
"335","NC_044060.1_4226350_17038602",16216,"NC_044060.1","gridss37ff_69",NA,4226350,4226350,NA,17038602,17038602,12812263,NA,99.23,"LOW_QUAL;SINGLE_ASSEMBLY","INV","GRIDSS","+",351,1
"336","NC_044060.1_6668828_25267970",16216,"NC_044060.1","INV00007509",6669031,6669234,6668828,25267767,25267970,25267564,18598736,"0/1",35,"LowQual","INV","DELLY",NA,139,1
"337","NC_044061.1_15356385_15361778",16216,"NC_044061.1","INV00008167",15356636,15356887,15356385,15361527,15361778,15361276,4891,"0/1",118,"LowQual","INV","DELLY",NA,146,77
"338","NC_044061.1_15356635_15361518",16216,"NC_044061.1","gridss41ff_53",NA,15356633,15356635,NA,15361518,15361520,4884,NA,331.24,"LOW_QUAL","INV","GRIDSS","+",146,77
"339","NC_044061.1_15356636_15361422",16216,"NC_044061.1","gridss41bb_72",NA,15356636,15356636,NA,15361422,15361422,4789,NA,108.78,"LOW_QUAL;SINGLE_ASSEMBLY","INV","GRIDSS","-",354,77
"340","NC_044061.1_16322473_17860369",16216,"NC_044061.1","INV00008185",16322638,16322803,16322473,17860204,17860369,17860039,1537566,"0/1",221,"PASS","INV","DELLY",NA,147,78
"341","NC_044061.1_16322496_17860589",16216,"NC_044061.1","INV00008186",16322640,16322784,16322496,17860445,17860589,17860301,1537805,"0/1",96,"LowQual","INV","DELLY",NA,147,78
"342","NC_044061.1_16322638_17860205",16216,"NC_044061.1","gridss41bb_87",NA,16322638,16322638,NA,17860205,17860205,1537579,NA,658.5,"PASS","INV","GRIDSS","-",147,78
"343","NC_044061.1_16322639_17860373",16216,"NC_044061.1","gridss41ff_69",NA,16322639,16322639,NA,17860373,17860373,1537760,NA,173.89,"LOW_QUAL;SINGLE_ASSEMBLY","INV","GRIDSS","+",355,78
"344","NC_044061.1_16622978_16654501",16216,"NC_044061.1","INV00008192",16623229,16623480,16622978,16654250,16654501,16653999,31021,"1/1",209,"PASS","INV","DELLY",NA,148,79
"345","NC_044061.1_16623036_16654438",16216,"NC_044061.1","INV00008191",16623228,16623420,16623036,16654246,16654438,16654054,31018,"1/1",104,"PASS","INV","DELLY",NA,148,79
"346","NC_044061.1_16623228_16654250",16216,"NC_044061.1","gridss41ff_72",NA,16623228,16623228,NA,16654250,16654250,31022,NA,505.87,"PASS","INV","GRIDSS","+",148,79
"347","NC_044061.1_16623231_16654247",16216,"NC_044061.1","gridss41bb_91",NA,16623228,16623231,NA,16654247,16654250,31019,NA,460.6,"LOW_QUAL","INV","GRIDSS","-",148,79
"348","NC_044061.1_17664829_17666175",16216,"NC_044061.1","INV00008213",17665010,17665191,17664829,17665994,17666175,17665813,984,"0/1",120,"LowQual","INV","DELLY",NA,149,80
"349","NC_044061.1_17665009_17665994",16216,"NC_044061.1","gridss41ff_81",NA,17665009,17665009,NA,17665994,17665994,986,NA,224.94,"LOW_QUAL","INV","GRIDSS","+",149,80
"350","NC_044061.1_26892328_27257032",16216,"NC_044061.1","INV00008366",26892598,26892868,26892328,27256762,27257032,27256492,364164,"0/1",120,"LowQual","INV","DELLY",NA,150,81
"351","NC_044061.1_26892597_27256760",16216,"NC_044061.1","gridss42ff_96",NA,26892595,26892597,NA,27256760,27256762,364164,NA,380.57,"LOW_QUAL","INV","GRIDSS","+",150,81
"352","NC_044061.1_508304_517368",16216,"NC_044061.1","INV00007890",508547,508790,508304,517125,517368,516882,8578,"0/1",85,"LowQual","INV","DELLY",NA,142,75
"353","NC_044061.1_508547_517126",16216,"NC_044061.1","gridss39bb_79",NA,508547,508547,NA,517126,517126,8580,NA,653.23,"PASS","INV","GRIDSS","-",142,75
"354","NC_044061.1_8504051_8537876",16216,"NC_044061.1","INV00008061",8504238,8504425,8504051,8537689,8537876,8537502,33451,"0/1",91,"LowQual","INV","DELLY",NA,143,1
"355","NC_044061.1_8514232_8528829",16216,"NC_044061.1","INV00008062",8514465,8514698,8514232,8528596,8528829,8528363,14131,"0/1",59,"LowQual","INV","DELLY",NA,144,1
"356","NC_044061.1_8911691_8916081",16216,"NC_044061.1","INV00008071",8911844,8911997,8911691,8915928,8916081,8915775,4084,"0/1",120,"LowQual","INV","DELLY",NA,145,76
"357","NC_044061.1_8911844_8915929",16216,"NC_044061.1","gridss40bb_187",NA,8911844,8911844,NA,8915929,8915929,4090,NA,340.38,"LOW_QUAL","INV","GRIDSS","-",145,76
"358","NC_044062.1_15597116_15645213",16216,"NC_044062.1","INV00008762",15597325,15597534,15597116,15645004,15645213,15644795,47679,"0/1",48,"LowQual","INV","DELLY",NA,157,83
"359","NC_044062.1_15597325_15645005",16216,"NC_044062.1","gridss44bb_55",NA,15597325,15597325,NA,15645005,15645005,47684,NA,738.4,"PASS","INV","GRIDSS","-",157,83
"360","NC_044062.1_1752866_2881382",16216,"NC_044062.1","gridss43bb_3",NA,1752865,1752866,NA,2881382,2881383,1128517,NA,132.17,"LOW_QUAL;SINGLE_ASSEMBLY","INV","GRIDSS","-",356,1
"361","NC_044062.1_1768852_3035016",16216,"NC_044062.1","INV00008450",1769061,1769270,1768852,3034807,3035016,3034598,1265746,"0/1",70,"LowQual","INV","DELLY",NA,151,82
"362","NC_044062.1_1769060_3034807",16216,"NC_044062.1","gridss43ff_7",NA,1769060,1769060,NA,3034807,3034807,1265750,NA,298.74,"LOW_QUAL","INV","GRIDSS","+",151,82
"363","NC_044062.1_1769593_1812375",16216,"NC_044062.1","INV00008451",1769728,1769863,1769593,1812240,1812375,1812105,42512,"0/1",44,"LowQual","INV","DELLY",NA,152,1
"364","NC_044062.1_1787774_2825436",16216,"NC_044062.1","INV00008452",1787925,1788076,1787774,2825285,2825436,2825134,1037360,"0/1",56,"PASS","INV","DELLY",NA,153,1
"365","NC_044062.1_17942970_17960510",16216,"NC_044062.1","INV00008799",17943020,17943070,17942970,17960460,17960510,17960410,17440,"0/1",64,"LowQual","INV","DELLY",NA,158,1
"366","NC_044062.1_19322727_19322759",16216,"NC_044062.1","gridss44bb_116",NA,19322726,19322727,NA,19322759,19322760,33,NA,58.83,"LOW_QUAL;NO_ASSEMBLY","INV","GRIDSS","-",362,1
"367","NC_044062.1_1943317_1947752",16216,"NC_044062.1","gridss43ff_11",NA,1943317,1943317,NA,1947752,1947752,4450,NA,205.57,"LOW_QUAL","INV","GRIDSS","+",357,1
"368","NC_044062.1_1943328_1947721",16216,"NC_044062.1","gridss43bb_13",NA,1943328,1943328,NA,1947721,1947721,4399,NA,151.99,"LOW_QUAL;SINGLE_ASSEMBLY","INV","GRIDSS","-",358,1
"369","NC_044062.1_20595289_20819349",16216,"NC_044062.1","INV00008861",20595418,20595547,20595289,20819220,20819349,20819091,223802,"0/1",107,"LowQual","INV","DELLY",NA,159,1
"370","NC_044062.1_20595627_20819416",16216,"NC_044062.1","INV00008862",20595820,20596013,20595627,20819223,20819416,20819030,223403,"0/1",104,"LowQual","INV","DELLY",NA,160,84
"371","NC_044062.1_20595819_20819159",16216,"NC_044062.1","gridss44ff_159",NA,20595755,20595819,NA,20819159,20819223,223403,NA,51.5,"LOW_QUAL;NO_ASSEMBLY","INV","GRIDSS","+",160,84
"372","NC_044062.1_20848346_28015284",16216,"NC_044062.1","INV00008867",20848536,20848726,20848346,28015094,28015284,28014904,7166558,"0/1",113,"LowQual","INV","DELLY",NA,161,1
"373","NC_044062.1_20876578_28003046",16216,"NC_044062.1","INV00008871",20876804,20877030,20876578,28002820,28003046,28002594,7126016,"0/1",48,"LowQual","INV","DELLY",NA,162,1
"374","NC_044062.1_21892121_22758417",16216,"NC_044062.1","INV00008900",21892328,21892535,21892121,22758210,22758417,22758003,865882,"0/1",62,"LowQual","INV","DELLY",NA,163,1
"375","NC_044062.1_23811828_25472346",16216,"NC_044062.1","INV00008947",23811973,23812118,23811828,25472201,25472346,25472056,1660228,"0/1",242,"PASS","INV","DELLY",NA,164,85
"376","NC_044062.1_23812010_25472201",16216,"NC_044062.1","gridss45ff_47",NA,23811972,23812010,NA,25472201,25472237,1660227,NA,101.27,"LOW_QUAL;NO_ASSEMBLY","INV","GRIDSS","+",164,85
"377","NC_044062.1_25634916_25692296",16216,"NC_044062.1","INV00008964",25635071,25635226,25634916,25692141,25692296,25691986,57070,"0/1",32,"LowQual","INV","DELLY",NA,165,86
"378","NC_044062.1_25776960_25781197",16216,"NC_044062.1","INV00008967",25777115,25777270,25776960,25781042,25781197,25780887,3927,"0/1",164,"PASS","INV","DELLY",NA,166,87
"379","NC_044062.1_25777049_25781025",16216,"NC_044062.1","gridss45ff_54",NA,25777026,25777049,NA,25781025,25781048,3999,NA,145.27,"ASSEMBLY_ONLY;LOW_QUAL","INV","GRIDSS","+",166,87
"380","NC_044062.1_25777206_25781042",16216,"NC_044062.1","gridss45ff_55",NA,25777114,25777206,NA,25781042,25781112,3916,NA,50.63,"LOW_QUAL;NO_ASSEMBLY","INV","GRIDSS","+",363,87
"381","NC_044062.1_2716693_3016731",16216,"NC_044062.1","INV00008465",2716922,2717151,2716693,3016502,3016731,3016273,299580,"0/0",25,"LowQual","INV","DELLY",NA,154,1
"382","NC_044062.1_2750803_2772174",16216,"NC_044062.1","INV00008466",2751033,2751263,2750803,2771944,2772174,2771714,20911,"0/1",73,"LowQual","INV","DELLY",NA,155,1
"383","NC_044062.1_2849878_24022091",16216,"NC_044062.1","INV00008469",2850112,2850346,2849878,24021857,24022091,24021623,21171745,"0/1",42,"LowQual","INV","DELLY",NA,156,1
"384","NC_044062.1_8663964_8664258",16216,"NC_044062.1","gridss43bb_145",NA,8663964,8663964,NA,8664258,8664258,296,NA,215.67,"LOW_QUAL;SINGLE_ASSEMBLY","INV","GRIDSS","-",359,1
"385","NC_044062.1_8664051_8664253",16216,"NC_044062.1","gridss43ff_108",NA,8664049,8664051,NA,8664253,8664255,203,NA,588.57,"PASS","INV","GRIDSS","+",360,1
"386","NC_044062.1_9307468_9344084",16216,"NC_044062.1","gridss43ff_122",NA,9307468,9307468,NA,9344084,9344084,36622,NA,182.37,"LOW_QUAL;SINGLE_ASSEMBLY","INV","GRIDSS","+",361,1
"387","NC_044063.1_11138612_11138672",16216,"NC_044063.1","gridss46bb_113",NA,11138612,11138612,NA,11138672,11138672,73,NA,89.27,"LOW_QUAL;SINGLE_ASSEMBLY","INV","GRIDSS","-",373,1
"388","NC_044063.1_2002443_2325338",16216,"NC_044063.1","INV00009043",2002643,2002843,2002443,2325138,2325338,2324938,322495,"0/1",61,"LowQual","INV","DELLY",NA,167,1
"389","NC_044063.1_21466547_21468568",16216,"NC_044063.1","INV00009491",21466702,21466857,21466547,21468413,21468568,21468258,1711,"0/1",240,"PASS","INV","DELLY",NA,187,101
"390","NC_044063.1_21466702_21468414",16216,"NC_044063.1","gridss47bb_140",NA,21466702,21466702,NA,21468414,21468414,1716,NA,1203.18,"PASS","INV","GRIDSS","-",187,101
"391","NC_044063.1_22044380_22047096",16216,"NC_044063.1","gridss47ff_180",NA,22044367,22044380,NA,22047096,22047109,2729,NA,72.73,"LOW_QUAL;SINGLE_ASSEMBLY","INV","GRIDSS","+",374,1
"392","NC_044063.1_24027711_24077150",16216,"NC_044063.1","INV00009552",24027800,24027889,24027711,24077061,24077150,24076972,49261,"1/1",237,"PASS","INV","DELLY",NA,188,102
"393","NC_044063.1_24027803_24076976",16216,"NC_044063.1","gridss48bb_25",NA,24027753,24027803,NA,24076976,24077062,49240,NA,50.63,"LOW_QUAL;NO_ASSEMBLY","INV","GRIDSS","-",188,102
"394","NC_044063.1_24028916_24076150",16216,"NC_044063.1","INV00009553",24029109,24029302,24028916,24075957,24076150,24075764,46848,"0/1",172,"PASS","INV","DELLY",NA,189,103
"395","NC_044063.1_24029108_24075942",16216,"NC_044063.1","gridss48ff_21",NA,24029093,24029108,NA,24075942,24075957,46849,NA,205.63,"LOW_QUAL;NO_ASSEMBLY","INV","GRIDSS","+",189,103
"396","NC_044063.1_24036131_24074689",16216,"NC_044063.1","gridss48bb_27",NA,24036130,24036131,NA,24074689,24074690,38559,NA,186.62,"LOW_QUAL","INV","GRIDSS","-",375,1
"397","NC_044063.1_2421874_2750440",16216,"NC_044063.1","INV00009059",2422047,2422220,2421874,2750267,2750440,2750094,328220,"0/1",30,"LowQual","INV","DELLY",NA,168,1
"398","NC_044063.1_2440764_2740091",16216,"NC_044063.1","INV00009062",2440814,2440864,2440764,2740041,2740091,2739991,299227,"0/1",48,"LowQual","INV","DELLY",NA,169,1
"399","NC_044063.1_2442170_3269996",16216,"NC_044063.1","gridss45bb_125",NA,2442170,2442170,NA,3269996,3269996,827827,NA,66.44,"LOW_QUAL;SINGLE_ASSEMBLY","INV","GRIDSS","-",364,1
"400","NC_044063.1_2460860_3429213",16216,"NC_044063.1","INV00009065",2460959,2461058,2460860,3429114,3429213,3429015,968155,"0/1",107,"PASS","INV","DELLY",NA,170,88
"401","NC_044063.1_2460996_3429087",16216,"NC_044063.1","gridss45ff_110",NA,2460996,2460996,NA,3429087,3429087,968090,NA,155.39,"LOW_QUAL;SINGLE_ASSEMBLY","INV","GRIDSS","+",170,88
"402","NC_044063.1_2467582_3275955",16216,"NC_044063.1","INV00009066",2467700,2467818,2467582,3275837,3275955,3275719,808137,"0/1",319,"PASS","INV","DELLY",NA,171,89
"403","NC_044063.1_2467700_3275771",16216,"NC_044063.1","gridss45bb_130",NA,2467695,2467700,NA,3275771,3275849,808112,NA,84.39,"LOW_QUAL;NO_ASSEMBLY","INV","GRIDSS","-",171,89
"404","NC_044063.1_2467820_3275841",16216,"NC_044063.1","gridss45bb_131",NA,2467820,2467820,NA,3275841,3275841,808038,NA,271.24,"LOW_QUAL","INV","GRIDSS","-",365,1
"405","NC_044063.1_2483677_2483913",16216,"NC_044063.1","gridss45bb_135",NA,2483677,2483677,NA,2483913,2483913,235,NA,283.38,"LOW_QUAL","INV","GRIDSS","-",366,1
"406","NC_044063.1_2496993_3276135",16216,"NC_044063.1","INV00009084",2497100,2497207,2496993,3276028,3276135,3275921,778928,"0/0",46,"LowQual","INV","DELLY",NA,172,90
"407","NC_044063.1_2497116_3275935",16216,"NC_044063.1","INV00009085",2497255,2497394,2497116,3275796,3275935,3275657,778541,"0/1",77,"LowQual","INV","DELLY",NA,173,91
"408","NC_044063.1_2497262_3275816",16216,"NC_044063.1","INV00009086",2497461,2497660,2497262,3275617,3275816,3275418,778156,"0/1",29,"LowQual","INV","DELLY",NA,173,91
"409","NC_044063.1_2497332_3275674",16216,"NC_044063.1","INV00009087",2497509,2497686,2497332,3275497,3275674,3275320,777988,"0/1",62,"LowQual","INV","DELLY",NA,173,91
"410","NC_044063.1_2524419_3428648",16216,"NC_044063.1","INV00009090",2524682,2524945,2524419,3428385,3428648,3428122,903703,"0/1",180,"PASS","INV","DELLY",NA,174,92
"411","NC_044063.1_2524682_3428386",16216,"NC_044063.1","gridss45bb_141",NA,2524682,2524682,NA,3428386,3428386,903774,NA,306.89,"LOW_QUAL","INV","GRIDSS","-",174,92
"412","NC_044063.1_2524818_3441078",16216,"NC_044063.1","INV00009091",2525024,2525230,2524818,3440872,3441078,3440666,915848,"0/1",80,"LowQual","INV","DELLY",NA,175,93
"413","NC_044063.1_2525024_3440873",16216,"NC_044063.1","gridss45bb_143",NA,2525024,2525024,NA,3440873,3440873,915848,NA,894.92,"SINGLE_ASSEMBLY","INV","GRIDSS","-",175,93
"414","NC_044063.1_2530192_2701724",16216,"NC_044063.1","INV00009093",2530371,2530550,2530192,2701545,2701724,2701366,171174,"1/1",145,"PASS","INV","DELLY",NA,176,94
"415","NC_044063.1_2530351_2701536",16216,"NC_044063.1","gridss45ff_117",NA,2530351,2530351,NA,2701536,2701536,171189,NA,99.82,"LOW_QUAL;NO_ASSEMBLY","INV","GRIDSS","+",176,94
"416","NC_044063.1_2530370_2701520",16216,"NC_044063.1","gridss45ff_118",NA,2530370,2530370,NA,2701520,2701520,171151,NA,126.58,"LOW_QUAL;NO_ASSEMBLY","INV","GRIDSS","+",367,94
"417","NC_044063.1_2532532_3039191",16216,"NC_044063.1","INV00009094",2532782,2533032,2532532,3038941,3039191,3038691,506159,"0/0",28,"LowQual","INV","DELLY",NA,177,1
"418","NC_044063.1_2541005_2905679",16216,"NC_044063.1","INV00009095",2541055,2541105,2541005,2905629,2905679,2905579,364574,"0/1",57,"LowQual","INV","DELLY",NA,178,1
"419","NC_044063.1_2549834_2787007",16216,"NC_044063.1","INV00009096",2550033,2550232,2549834,2786808,2787007,2786609,236775,"0/1",87,"PASS","INV","DELLY",NA,179,95
"420","NC_044063.1_2550033_2786712",16216,"NC_044063.1","gridss45bb_144",NA,2549982,2550033,NA,2786712,2786809,236752,NA,50.63,"LOW_QUAL;NO_ASSEMBLY","INV","GRIDSS","-",179,95
"421","NC_044063.1_25692348_30982766",16216,"NC_044063.1","INV00009584",25692575,25692802,25692348,30982539,30982766,30982312,5289964,"0/1",54,"LowQual","INV","DELLY",NA,190,1
"422","NC_044063.1_2593299_3237184",16216,"NC_044063.1","INV00009100",2593558,2593817,2593299,3236925,3237184,3236666,643367,"0/1",36,"LowQual","INV","DELLY",NA,180,96
"423","NC_044063.1_2593311_3237231",16216,"NC_044063.1","INV00009098",2593493,2593675,2593311,3237049,3237231,3236867,643556,"0/1",84,"PASS","INV","DELLY",NA,180,96
"424","NC_044063.1_2593558_3237049",16216,"NC_044063.1","gridss45ff_125",NA,2593492,2593558,NA,3237049,3237186,643591,NA,67.51,"LOW_QUAL;NO_ASSEMBLY","INV","GRIDSS","+",180,96
"425","NC_044063.1_2597055_3267349",16216,"NC_044063.1","INV00009102",2597182,2597309,2597055,3267222,3267349,3267095,670040,"0/1",255,"PASS","INV","DELLY",NA,181,97
"426","NC_044063.1_2597198_3267222",16216,"NC_044063.1","gridss45ff_126",NA,2597181,2597198,NA,3267222,3267238,670040,NA,101.27,"LOW_QUAL;NO_ASSEMBLY","INV","GRIDSS","+",181,97
"427","NC_044063.1_2601954_3264621",16216,"NC_044063.1","INV00009103",2602154,2602354,2601954,3264421,3264621,3264221,662267,"0/1",83,"LowQual","INV","DELLY",NA,182,1
"428","NC_044063.1_2615844_2701127",16216,"NC_044063.1","gridss45ff_131",NA,2615844,2615844,NA,2701127,2701127,85285,NA,477.64,"LOW_QUAL","INV","GRIDSS","+",368,1
"429","NC_044063.1_2615911_2703081",16216,"NC_044063.1","INV00009104",2616136,2616361,2615911,2702856,2703081,2702631,86720,"0/1",54,"LowQual","INV","DELLY",NA,183,98
"430","NC_044063.1_2616016_3259109",16216,"NC_044063.1","INV00009105",2616181,2616346,2616016,3258944,3259109,3258779,642763,"0/1",143,"PASS","INV","DELLY",NA,183,98
"431","NC_044063.1_2616276_3258944",16216,"NC_044063.1","gridss45ff_133",NA,2616180,2616276,NA,3258944,3259030,642758,NA,67.51,"LOW_QUAL;NO_ASSEMBLY","INV","GRIDSS","+",183,98
"432","NC_044063.1_2619154_3427915",16216,"NC_044063.1","gridss45ff_135",NA,2619154,2619154,NA,3427915,3427915,808804,NA,737.35,"PASS","INV","GRIDSS","+",369,1
"433","NC_044063.1_2619359_3443626",16216,"NC_044063.1","gridss45ff_136",NA,2619359,2619359,NA,3443626,3443626,824266,NA,52.37,"LOW_QUAL;NO_ASSEMBLY","INV","GRIDSS","+",370,1
"434","NC_044063.1_2620066_3442849",16216,"NC_044063.1","INV00009106",2620182,2620298,2620066,3442733,3442849,3442617,822551,"0/1",379,"PASS","INV","DELLY",NA,184,99
"435","NC_044063.1_2620194_3442733",16216,"NC_044063.1","gridss45ff_139",NA,2620181,2620194,NA,3442733,3442770,822563,NA,135.02,"LOW_QUAL;NO_ASSEMBLY","INV","GRIDSS","+",184,99
"436","NC_044063.1_2742595_3274859",16216,"NC_044063.1","gridss46ff_4",NA,2742595,2742595,NA,3274859,3274859,532269,NA,58.27,"LOW_QUAL;NO_ASSEMBLY","INV","GRIDSS","+",371,1
"437","NC_044063.1_3054794_3438626",16216,"NC_044063.1","gridss46bb_7",NA,3054794,3054794,NA,3438626,3438626,383831,NA,128.92,"LOW_QUAL;SINGLE_ASSEMBLY","INV","GRIDSS","-",372,1
"438","NC_044063.1_3193318_3508522",16216,"NC_044063.1","INV00009145",3193531,3193744,3193318,3508309,3508522,3508096,314778,"0/1",41,"LowQual","INV","DELLY",NA,185,1
"439","NC_044063.1_33203731_33203864",16216,"NC_044063.1","gridss49ff_5",NA,33203713,33203731,NA,33203864,33203882,150,NA,273.35,"LOW_QUAL","INV","GRIDSS","+",376,1
"440","NC_044063.1_33533893_33534018",16216,"NC_044063.1","gridss49bb_6",NA,33533893,33533893,NA,33534018,33534018,137,NA,136.6,"LOW_QUAL;SINGLE_ASSEMBLY","INV","GRIDSS","-",377,1
"441","NC_044063.1_8394569_8395877",16216,"NC_044063.1","INV00009247",8394808,8395047,8394569,8395638,8395877,8395399,830,"0/1",120,"LowQual","INV","DELLY",NA,186,100
"442","NC_044063.1_8394808_8395639",16216,"NC_044063.1","gridss46bb_74",NA,8394808,8394808,NA,8395639,8395639,858,NA,134.41,"LOW_QUAL;SINGLE_ASSEMBLY","INV","GRIDSS","-",186,100
"443","NC_044064.1_10598441_10729144",16216,"NC_044064.1","INV00009978",10598615,10598789,10598441,10728970,10729144,10728796,130355,"0/1",112,"PASS","INV","DELLY",NA,198,108
"444","NC_044064.1_10598654_10728889",16216,"NC_044064.1","gridss50bb_68",NA,10598534,10598654,NA,10728889,10728971,130335,NA,50.63,"LOW_QUAL","INV","GRIDSS","-",198,108
"445","NC_044064.1_10616175_10729607",16216,"NC_044064.1","INV00009979",10616299,10616423,10616175,10729483,10729607,10729359,113184,"0/1",164,"PASS","INV","DELLY",NA,199,109
"446","NC_044064.1_10616299_10729459",16216,"NC_044064.1","gridss50bb_69",NA,10616227,10616299,NA,10729459,10729484,113207,NA,84.39,"LOW_QUAL;NO_ASSEMBLY","INV","GRIDSS","-",199,109
"447","NC_044064.1_10616340_10729554",16216,"NC_044064.1","gridss50bb_70",NA,10616339,10616340,NA,10729554,10729555,113215,NA,50.63,"LOW_QUAL;SINGLE_ASSEMBLY","INV","GRIDSS","-",383,109
"448","NC_044064.1_12524445_12532907",16216,"NC_044064.1","INV00010039",12524667,12524889,12524445,12532685,12532907,12532463,8018,"1/1",61,"LowQual","INV","DELLY",NA,200,110
"449","NC_044064.1_12524537_12532672",16216,"NC_044064.1","gridss50bb_109",NA,12524537,12524537,NA,12532672,12532672,8135,NA,184.94,"LOW_QUAL","INV","GRIDSS","-",200,110
"450","NC_044064.1_20371230_20717513",16216,"NC_044064.1","INV00010172",20371459,20371688,20371230,20717284,20717513,20717055,345825,"0/0",34,"LowQual","INV","DELLY",NA,201,1
"451","NC_044064.1_562655_5779330",16216,"NC_044064.1","INV00009737",562871,563087,562655,5779114,5779330,5778898,5216243,"0/1",42,"LowQual","INV","DELLY",NA,191,104
"452","NC_044064.1_562940_5779115",16216,"NC_044064.1","gridss49bb_23",NA,562940,562940,NA,5779115,5779115,5216185,NA,224.67,"LOW_QUAL;SINGLE_ASSEMBLY","INV","GRIDSS","-",191,104
"453","NC_044064.1_564657_2917156",16216,"NC_044064.1","INV00009738",564840,565023,564657,2916973,2917156,2916790,2352133,"0/1",89,"LowQual","INV","DELLY",NA,192,105
"454","NC_044064.1_564839_2916984",16216,"NC_044064.1","gridss49ff_33",NA,564839,564839,NA,2916984,2916984,2352150,NA,129.6,"LOW_QUAL;SINGLE_ASSEMBLY","INV","GRIDSS","+",192,105
"455","NC_044064.1_7282793_7285045",16216,"NC_044064.1","INV00009888",7282992,7283191,7282793,7284846,7285045,7284647,1854,"0/1",240,"PASS","INV","DELLY",NA,193,106
"456","NC_044064.1_7282863_7284838",16216,"NC_044064.1","gridss49bb_105",NA,7282863,7282863,NA,7284838,7284838,1977,NA,481.73,"LOW_QUAL","INV","GRIDSS","-",193,106
"457","NC_044064.1_7282991_7284846",16216,"NC_044064.1","gridss49ff_133",NA,7282991,7282991,NA,7284846,7284846,1856,NA,901.11,"PASS","INV","GRIDSS","+",378,106
"458","NC_044064.1_7479523_7907933",16216,"NC_044064.1","INV00009892",7479709,7479895,7479523,7907747,7907933,7907561,428038,"0/1",70,"LowQual","INV","DELLY",NA,194,1
"459","NC_044064.1_7730910_7737144",16216,"NC_044064.1","INV00009901",7731162,7731414,7730910,7736892,7737144,7736640,5730,"0/1",40,"LowQual","INV","DELLY",NA,195,1
"460","NC_044064.1_7736020_7738302",16216,"NC_044064.1","gridss50ff_11",NA,7736020,7736020,NA,7738302,7738302,2282,NA,140.01,"LOW_QUAL","INV","GRIDSS","+",379,1
"461","NC_044064.1_7736476_7736754",16216,"NC_044064.1","gridss50bb_6",NA,7736473,7736476,NA,7736754,7736757,281,NA,95.31,"LOW_QUAL;SINGLE_ASSEMBLY","INV","GRIDSS","-",380,1
"462","NC_044064.1_7738263_7738285",16216,"NC_044064.1","gridss50bb_7",NA,7738261,7738263,NA,7738285,7738287,23,NA,70.21,"LOW_QUAL;NO_ASSEMBLY","INV","GRIDSS","-",381,1
"463","NC_044064.1_7904939_10190694",16216,"NC_044064.1","INV00009906",7905105,7905271,7904939,10190528,10190694,10190362,2285423,"0/1",120,"LowQual","INV","DELLY",NA,196,107
"464","NC_044064.1_7905137_10190529",16216,"NC_044064.1","gridss50bb_11",NA,7905137,7905137,NA,10190529,10190529,2285396,NA,134.88,"ASSEMBLY_ONLY;LOW_QUAL","INV","GRIDSS","-",196,107
"465","NC_044064.1_8647017_10179201",16216,"NC_044064.1","gridss50ff_34",NA,8647017,8647017,NA,10179201,10179201,1532194,NA,73.43,"LOW_QUAL;SINGLE_ASSEMBLY","INV","GRIDSS","+",382,1
"466","NC_044064.1_9781509_9794911",16216,"NC_044064.1","INV00009951",9781678,9781847,9781509,9794742,9794911,9794573,13064,"0/1",133,"PASS","INV","DELLY",NA,197,1
"467","NC_044065.1_12439590_12463340",16216,"NC_044065.1","gridss52ff_90",NA,12439590,12439590,NA,12463340,12463340,23750,NA,293.88,"LOW_QUAL","INV","GRIDSS","+",386,1
"468","NC_044065.1_14593706_14600700",16216,"NC_044065.1","INV00010513",14593896,14594086,14593706,14600510,14600700,14600320,6614,"0/1",180,"PASS","INV","DELLY",NA,206,113
"469","NC_044065.1_14593889_14600663",16216,"NC_044065.1","gridss52ff_126",NA,14593886,14593889,NA,14600663,14600666,6777,NA,95.03,"LOW_QUAL;SINGLE_ASSEMBLY","INV","GRIDSS","+",206,113
"470","NC_044065.1_14593896_14600511",16216,"NC_044065.1","gridss52bb_89",NA,14593896,14593896,NA,14600511,14600511,6615,NA,518.24,"PASS","INV","GRIDSS","-",387,113
"471","NC_044065.1_20860628_20862683",16216,"NC_044065.1","INV00010645",20860828,20861028,20860628,20862483,20862683,20862283,1655,"0/1",120,"LowQual","INV","DELLY",NA,207,114
"472","NC_044065.1_20860833_20862484",16216,"NC_044065.1","gridss53bb_38",NA,20860833,20860833,NA,20862484,20862484,1655,NA,201.87,"LOW_QUAL;SINGLE_ASSEMBLY","INV","GRIDSS","-",207,114
"473","NC_044065.1_22300005_22323894",16216,"NC_044065.1","INV00010676",22300144,22300283,22300005,22323755,22323894,22323616,23611,"0/1",105,"LowQual","INV","DELLY",NA,208,115
"474","NC_044065.1_22300143_22323755",16216,"NC_044065.1","gridss53ff_55",NA,22300143,22300143,NA,22323755,22323755,23611,NA,124.81,"LOW_QUAL;SINGLE_ASSEMBLY","INV","GRIDSS","+",208,115
"475","NC_044065.1_5398610_5399686",16216,"NC_044065.1","INV00010325",5398821,5399032,5398610,5399475,5399686,5399264,654,"0/1",180,"PASS","INV","DELLY",NA,203,111
"476","NC_044065.1_5398822_5399476",16216,"NC_044065.1","gridss51bb_106",NA,5398821,5398822,NA,5399476,5399477,655,NA,668.78,"PASS","INV","GRIDSS","-",203,111
"477","NC_044065.1_5399193_5399479",16216,"NC_044065.1","gridss51ff_112",NA,5399193,5399193,NA,5399479,5399479,291,NA,240.31,"LOW_QUAL","INV","GRIDSS","+",384,1
"478","NC_044065.1_6075086_6613136",16216,"NC_044065.1","INV00010342",6075276,6075466,6075086,6612946,6613136,6612756,537670,"1/1",120,"LowQual","INV","DELLY",NA,204,112
"479","NC_044065.1_6075280_6612947",16216,"NC_044065.1","gridss52bb_7",NA,6075276,6075280,NA,6612947,6612951,537670,NA,552.04,"PASS","INV","GRIDSS","-",204,112
"480","NC_044065.1_799687_802072",16216,"NC_044065.1","INV00010214",799797,799907,799687,801962,802072,801852,2165,"0/1",42,"LowQual","INV","DELLY",NA,202,1
"481","NC_044065.1_8703809_15416602",16216,"NC_044065.1","INV00010413",8704038,8704267,8703809,15416373,15416602,15416144,6712335,"0/1",34,"LowQual","INV","DELLY",NA,205,1
"482","NC_044065.1_9082498_9083671",16216,"NC_044065.1","gridss52ff_53",NA,9082495,9082498,NA,9083671,9083674,1176,NA,516.18,"PASS","INV","GRIDSS","+",385,1
"483","NC_044066.1_11731347_16966335",16216,"NC_044066.1","gridss55ff_10",NA,11731347,11731347,NA,16966335,16966335,5234992,NA,154.89,"LOW_QUAL;SINGLE_ASSEMBLY","INV","GRIDSS","+",391,1
"484","NC_044066.1_12417226_12454900",16216,"NC_044066.1","INV00010922",12417329,12417432,12417226,12454797,12454900,12454694,37468,"0/1",67,"LowQual","INV","DELLY",NA,212,1
"485","NC_044066.1_12417463_12454850",16216,"NC_044066.1","gridss55ff_19",NA,12417463,12417463,NA,12454850,12454850,37408,NA,376.39,"LOW_QUAL","INV","GRIDSS","+",392,1
"486","NC_044066.1_15607250_15664671",16216,"NC_044066.1","gridss55bb_62",NA,15607250,15607250,NA,15664671,15664671,57421,NA,224.4,"LOW_QUAL;SINGLE_ASSEMBLY","INV","GRIDSS","-",393,1
"487","NC_044066.1_15617284_15665729",16216,"NC_044066.1","INV00011005",15617334,15617384,15617284,15665679,15665729,15665629,48345,"0/1",224,"PASS","INV","DELLY",NA,213,119
"488","NC_044066.1_15617324_15665791",16216,"NC_044066.1","gridss55bb_64",NA,15617233,15617324,NA,15665791,15665874,48553,NA,50.63,"LOW_QUAL;NO_ASSEMBLY","INV","GRIDSS","-",213,119
"489","NC_044066.1_15617418_15666005",16216,"NC_044066.1","INV00011006",15617572,15617726,15617418,15665851,15666005,15665697,48279,"0/1",171,"PASS","INV","DELLY",NA,214,120
"490","NC_044066.1_15617620_15665851",16216,"NC_044066.1","gridss55ff_47",NA,15617537,15617620,NA,15665851,15665922,48307,NA,84.39,"LOW_QUAL;NO_ASSEMBLY","INV","GRIDSS","+",214,120
"491","NC_044066.1_15617639_15665680",16216,"NC_044066.1","gridss55bb_66",NA,15617639,15617639,NA,15665680,15665680,48069,NA,571.33,"PASS","INV","GRIDSS","-",394,120
"492","NC_044066.1_15623441_15673884",16216,"NC_044066.1","INV00011008",15623659,15623877,15623441,15673666,15673884,15673448,50007,"0/1",41,"LowQual","INV","DELLY",NA,215,1
"493","NC_044066.1_15639633_15671514",16216,"NC_044066.1","INV00011014",15639791,15639949,15639633,15671356,15671514,15671198,31565,"0/1",42,"LowQual","INV","DELLY",NA,216,121
"494","NC_044066.1_15639791_15671408",16216,"NC_044066.1","gridss55bb_68",NA,15639791,15639791,NA,15671408,15671408,31621,NA,101.44,"LOW_QUAL;SINGLE_ASSEMBLY","INV","GRIDSS","-",216,121
"495","NC_044066.1_16943896_17044480",16216,"NC_044066.1","gridss55bb_82",NA,16943896,16943896,NA,17044480,17044480,100584,NA,364.19,"LOW_QUAL","INV","GRIDSS","-",395,1
"496","NC_044066.1_2874155_2874243",16216,"NC_044066.1","gridss54ff_16",NA,2874155,2874155,NA,2874243,2874243,110,NA,135.24,"LOW_QUAL;SINGLE_ASSEMBLY","INV","GRIDSS","+",388,1
"497","NC_044066.1_5083943_5086446",16216,"NC_044066.1","INV00010776",5084092,5084241,5083943,5086297,5086446,5086148,2205,"0/1",40,"LowQual","INV","DELLY",NA,209,116
"498","NC_044066.1_5084106_5086297",16216,"NC_044066.1","gridss54ff_34",NA,5084106,5084106,NA,5086297,5086297,2191,NA,171.68,"LOW_QUAL;SINGLE_ASSEMBLY","INV","GRIDSS","+",209,116
"499","NC_044066.1_5432355_5438493",16216,"NC_044066.1","INV00010783",5432566,5432777,5432355,5438282,5438493,5438071,5716,"0/1",120,"LowQual","INV","DELLY",NA,210,117
"500","NC_044066.1_5432615_5438281",16216,"NC_044066.1","gridss54ff_38",NA,5432614,5432615,NA,5438281,5438282,5667,NA,331.46,"LOW_QUAL","INV","GRIDSS","+",210,117
"501","NC_044066.1_5792205_5794348",16216,"NC_044066.1","gridss54ff_43",NA,5792201,5792205,NA,5794348,5794352,2146,NA,58.38,"LOW_QUAL;NO_ASSEMBLY","INV","GRIDSS","+",389,1
"502","NC_044066.1_6410596_11972479",16216,"NC_044066.1","INV00010809",6410805,6411014,6410596,11972270,11972479,11972061,5561465,"0/1",47,"LowQual","INV","DELLY",NA,211,118
"503","NC_044066.1_6410804_11972280",16216,"NC_044066.1","gridss54ff_52",NA,6410804,6410804,NA,11972280,11972280,5561477,NA,369.2,"LOW_QUAL","INV","GRIDSS","+",211,118
"504","NC_044066.1_7720555_7724734",16216,"NC_044066.1","gridss54bb_71",NA,7720555,7720555,NA,7724734,7724734,4184,NA,56.75,"LOW_QUAL;NO_ASSEMBLY","INV","GRIDSS","-",390,1
"505","NC_044067.1_1294868_1541157",16216,"NC_044067.1","INV00011179",1295014,1295160,1294868,1541011,1541157,1540865,245997,"0/1",73,"LowQual","INV","DELLY",NA,217,122
"506","NC_044067.1_1295013_1540906",16216,"NC_044067.1","gridss56ff_15",NA,1295006,1295013,NA,1540906,1540913,245900,NA,130.64,"LOW_QUAL;NO_ASSEMBLY","INV","GRIDSS","+",217,122
"507","NC_044067.1_1469921_1540114",16216,"NC_044067.1","INV00011182",1470218,1470515,1469921,1539817,1540114,1539520,69599,"0/1",26,"LowQual","INV","DELLY",NA,218,123
"508","NC_044067.1_1470490_1546501",16216,"NC_044067.1","gridss56ff_20",NA,1470490,1470490,NA,1546501,1546501,76032,NA,71.27,"LOW_QUAL;SINGLE_ASSEMBLY","INV","GRIDSS","+",218,123
"509","NC_044067.1_1482602_1537319",16216,"NC_044067.1","gridss56ff_23",NA,1482602,1482602,NA,1537319,1537319,54743,NA,173.43,"LOW_QUAL;SINGLE_ASSEMBLY","INV","GRIDSS","+",396,1
"510","NC_044067.1_1521328_1540629",16216,"NC_044067.1","INV00011188",1521505,1521682,1521328,1540452,1540629,1540275,18947,"0/1",40,"LowQual","INV","DELLY",NA,219,1
"511","NC_044067.1_1533595_1542134",16216,"NC_044067.1","gridss56ff_24",NA,1533595,1533595,NA,1542134,1542134,8569,NA,113,"LOW_QUAL;SINGLE_ASSEMBLY","INV","GRIDSS","+",397,1
"512","NC_044067.1_1535578_1551155",16216,"NC_044067.1","gridss56ff_25",NA,1535578,1535578,NA,1551155,1551155,15626,NA,56.42,"LOW_QUAL;SINGLE_ASSEMBLY","INV","GRIDSS","+",398,1
"513","NC_044067.1_21062006_24455249",16216,"NC_044067.1","INV00011559",21062171,21062336,21062006,24455084,24455249,24454919,3392913,"0/1",40,"LowQual","INV","DELLY",NA,224,1
"514","NC_044067.1_2401257_2401375",16216,"NC_044067.1","gridss56ff_38",NA,2401255,2401257,NA,2401375,2401377,119,NA,411.9,"LOW_QUAL","INV","GRIDSS","+",399,1
"515","NC_044067.1_2903085_2908345",16216,"NC_044067.1","INV00011222",2903276,2903467,2903085,2908154,2908345,2907963,4878,"1/1",155,"PASS","INV","DELLY",NA,220,124
"516","NC_044067.1_2903275_2908150",16216,"NC_044067.1","gridss56ff_42",NA,2903271,2903275,NA,2908150,2908154,4878,NA,589.37,"PASS","INV","GRIDSS","+",400,143
"517","NC_044067.1_3066249_20659870",16216,"NC_044067.1","INV00011236",3066440,3066631,3066249,20659679,20659870,20659488,17593239,"0/1",26,"LowQual","INV","DELLY",NA,221,125
"518","NC_044067.1_3066439_20659679",16216,"NC_044067.1","gridss56ff_47",NA,3066439,3066439,NA,20659679,20659679,17593253,NA,247.69,"LOW_QUAL","INV","GRIDSS","+",221,125
"519","NC_044067.1_3066544_20659475",16216,"NC_044067.1","gridss56bb_45",NA,3066544,3066544,NA,20659475,20659475,17592934,NA,429.2,"LOW_QUAL","INV","GRIDSS","-",401,125
"520","NC_044067.1_4243031_4595999",16216,"NC_044067.1","INV00011263",4243215,4243399,4243031,4595815,4595999,4595631,352600,"1/1",300,"PASS","INV","DELLY",NA,222,126
"521","NC_044067.1_4243214_4595815",16216,"NC_044067.1","gridss56ff_61",NA,4243214,4243214,NA,4595815,4595815,352600,NA,1085.61,"PASS","INV","GRIDSS","+",222,126
"522","NC_044067.1_5915362_7498344",16216,"NC_044067.1","INV00011297",5915649,5915936,5915362,7498057,7498344,7497770,1582408,"0/1",120,"LowQual","INV","DELLY",NA,223,127
"523","NC_044067.1_5915648_7498057",16216,"NC_044067.1","gridss56ff_80",NA,5915648,5915648,NA,7498057,7498057,1582411,NA,311.24,"LOW_QUAL","INV","GRIDSS","+",223,127
"524","NC_044067.1_5915684_7497981",16216,"NC_044067.1","gridss56bb_76",NA,5915684,5915684,NA,7497981,7497981,1582302,NA,363.68,"LOW_QUAL","INV","GRIDSS","-",402,127
"525","NC_044068.1_3726338_3729377",16216,"NC_044068.1","INV00011695",3726490,3726642,3726338,3729225,3729377,3729073,2735,"0/1",152,"PASS","INV","DELLY",NA,227,128
"526","NC_044068.1_3726585_3729212",16216,"NC_044068.1","gridss59bb_7",NA,3726490,3726585,NA,3729212,3729307,2722,NA,180.66,"LOW_QUAL","INV","GRIDSS","-",227,128
"527","NC_044068.1_470402_9320679",16216,"NC_044068.1","INV00011612",470536,470670,470402,9320545,9320679,9320411,8850009,"0/1",26,"LowQual","INV","DELLY",NA,225,1
"528","NC_044068.1_534730_789805",16216,"NC_044068.1","INV00011617",534871,535012,534730,789664,789805,789523,254793,"0/1",64,"LowQual","INV","DELLY",NA,226,1
"529","NC_044069.1_16223166_16228111",16216,"NC_044069.1","INV00012440",16223395,16223624,16223166,16227882,16228111,16227653,4487,"0/1",120,"LowQual","INV","DELLY",NA,234,130
"530","NC_044069.1_16223388_16227977",16216,"NC_044069.1","gridss62ff_25",NA,16223386,16223388,NA,16227977,16227979,4590,NA,274.22,"LOW_QUAL","INV","GRIDSS","+",234,130
"531","NC_044069.1_16223395_16227864",16216,"NC_044069.1","gridss62bb_25",NA,16223395,16223395,NA,16227864,16227864,4477,NA,280.99,"LOW_QUAL","INV","GRIDSS","-",406,130
"532","NC_044069.1_17319337_17321503",16216,"NC_044069.1","INV00012456",17319473,17319609,17319337,17321367,17321503,17321231,1894,"0/1",225,"PASS","INV","DELLY",NA,235,131
"533","NC_044069.1_17319473_17321256",16216,"NC_044069.1","gridss62bb_30",NA,17319446,17319473,NA,17321256,17321368,1852,NA,67.51,"LOW_QUAL;NO_ASSEMBLY","INV","GRIDSS","-",235,131
"534","NC_044069.1_17319477_17321438",16216,"NC_044069.1","gridss62bb_31",NA,17319473,17319477,NA,17321438,17321442,1964,NA,182.49,"ASSEMBLY_ONLY;LOW_QUAL","INV","GRIDSS","-",407,131
"535","NC_044069.1_18278997_18279955",16216,"NC_044069.1","INV00012495",18279186,18279375,18278997,18279766,18279955,18279577,580,"0/1",120,"LowQual","INV","DELLY",NA,236,132
"536","NC_044069.1_18279033_18280066",16216,"NC_044069.1","INV00012496",18279258,18279483,18279033,18279841,18280066,18279616,583,"0/1",180,"PASS","INV","DELLY",NA,236,132
"537","NC_044069.1_18279257_18279839",16216,"NC_044069.1","gridss62ff_33",NA,18279255,18279257,NA,18279839,18279841,583,NA,1281.27,"PASS","INV","GRIDSS","+",236,132
"538","NC_044069.1_18279306_18279767",16216,"NC_044069.1","gridss62bb_36",NA,18279306,18279306,NA,18279767,18279767,467,NA,842.4,"PASS","INV","GRIDSS","-",408,132
"539","NC_044069.1_2959425_2974672",16216,"NC_044069.1","gridss61ff_18",NA,2959425,2959425,NA,2974672,2974672,15258,NA,120.42,"LOW_QUAL;SINGLE_ASSEMBLY","INV","GRIDSS","+",403,1
"540","NC_044069.1_3416813_3888210",16216,"NC_044069.1","INV00012151",3417042,3417271,3416813,3887981,3888210,3887752,470939,"0/0",30,"LowQual","INV","DELLY",NA,230,1
"541","NC_044069.1_3608713_3859185",16216,"NC_044069.1","INV00012155",3608921,3609129,3608713,3858977,3859185,3858769,250056,"0/1",68,"LowQual","INV","DELLY",NA,231,129
"542","NC_044069.1_3608885_3859013",16216,"NC_044069.1","INV00012156",3609114,3609343,3608885,3858784,3859013,3858555,249670,"0/1",62,"LowQual","INV","DELLY",NA,231,129
"543","NC_044069.1_3620161_3814117",16216,"NC_044069.1","INV00012157",3620322,3620483,3620161,3813956,3814117,3813795,193634,"0/1",80,"PASS","INV","DELLY",NA,232,1
"544","NC_044069.1_4374785_7510896",16216,"NC_044069.1","INV00012180",4374968,4375151,4374785,7510713,7510896,7510530,3135745,"0/1",76,"LowQual","INV","DELLY",NA,233,1
"545","NC_044069.1_5775336_18000588",16216,"NC_044069.1","gridss61ff_38",NA,5775336,5775336,NA,18000588,18000588,12225271,NA,68.76,"LOW_QUAL;SINGLE_ASSEMBLY","INV","GRIDSS","+",404,1
"546","NC_044069.1_721388_1402691",16216,"NC_044069.1","INV00012079",721572,721756,721388,1402507,1402691,1402323,680935,"0/1",30,"LowQual","INV","DELLY",NA,228,1
"547","NC_044069.1_7303821_7434206",16216,"NC_044069.1","gridss61ff_45",NA,7303821,7303821,NA,7434206,7434206,130385,NA,54.71,"LOW_QUAL;NO_ASSEMBLY","INV","GRIDSS","+",405,1
"548","NC_044069.1_916121_1358217",16216,"NC_044069.1","INV00012085",916349,916577,916121,1357989,1358217,1357761,441640,"0/1",48,"LowQual","INV","DELLY",NA,229,1
"549","NC_044070.1_11937488_11944322",16216,"NC_044070.1","INV00012828",11937685,11937882,11937488,11944125,11944322,11943928,6440,"0/1",180,"PASS","INV","DELLY",NA,241,137
"550","NC_044070.1_11937684_11944125",16216,"NC_044070.1","gridss64ff_19",NA,11937684,11937684,NA,11944125,11944125,6455,NA,444.85,"LOW_QUAL","INV","GRIDSS","+",241,137
"551","NC_044070.1_15476723_17257861",16216,"NC_044070.1","INV00012899",15476914,15477105,15476723,17257670,17257861,17257479,1780756,"0/1",71,"LowQual","INV","DELLY",NA,242,1
"552","NC_044070.1_16033126_17315925",16216,"NC_044070.1","INV00012906",16033400,16033674,16033126,17315651,17315925,17315377,1282251,"1/1",120,"LowQual","INV","DELLY",NA,243,138
"553","NC_044070.1_16033400_17315652",16216,"NC_044070.1","gridss64bb_36",NA,16033400,16033400,NA,17315652,17315652,1282251,NA,645.48,"PASS","INV","GRIDSS","-",243,138
"554","NC_044070.1_18877457_19278952",16216,"NC_044070.1","INV00012985",18877657,18877857,18877457,19278752,19278952,19278552,401095,"0/1",56,"LowQual","INV","DELLY",NA,244,1
"555","NC_044070.1_2276797_2278055",16216,"NC_044070.1","INV00012621",2277062,2277327,2276797,2277790,2278055,2277525,728,"0/1",120,"LowQual","INV","DELLY",NA,237,133
"556","NC_044070.1_2277061_2277790",16216,"NC_044070.1","gridss63ff_25",NA,2277061,2277061,NA,2277790,2277790,740,NA,284.9,"LOW_QUAL","INV","GRIDSS","+",237,133
"557","NC_044070.1_6161685_6173362",16216,"NC_044070.1","INV00012700",6161908,6162131,6161685,6173139,6173362,6172916,11231,"0/1",120,"LowQual","INV","DELLY",NA,238,134
"558","NC_044070.1_6161953_6173054",16216,"NC_044070.1","INV00012701",6162142,6162331,6161953,6172865,6173054,6172676,10723,"0/1",122,"PASS","INV","DELLY",NA,238,134
"559","NC_044070.1_6162142_6172783",16216,"NC_044070.1","gridss63bb_24",NA,6162041,6162142,NA,6172783,6172866,10732,NA,50.63,"LOW_QUAL;NO_ASSEMBLY","INV","GRIDSS","-",238,134
"560","NC_044070.1_6741226_7030739",16216,"NC_044070.1","INV00012716",6741438,6741650,6741226,7030527,7030739,7030315,289089,"0/1",120,"LowQual","INV","DELLY",NA,239,135
"561","NC_044070.1_6741438_7030528",16216,"NC_044070.1","gridss64bb_6",NA,6741438,6741438,NA,7030528,7030528,289103,NA,333.77,"LOW_QUAL","INV","GRIDSS","-",239,135
"562","NC_044070.1_6760495_7030602",16216,"NC_044070.1","INV00012717",6760577,6760659,6760495,7030520,7030602,7030438,269943,"0/1",187,"PASS","INV","DELLY",NA,240,136
"563","NC_044070.1_6760676_7030506",16216,"NC_044070.1","gridss64ff_3",NA,6760576,6760676,NA,7030506,7030576,269914,NA,50.63,"LOW_QUAL;NO_ASSEMBLY","INV","GRIDSS","+",240,136
"564","NW_021963959.1_128611_148843",16216,"NW_021963959.1","gridss66bb_2",NA,128611,128611,NA,148843,148843,20278,NA,77.31,"LOW_QUAL;SINGLE_ASSEMBLY","INV","GRIDSS","-",409,1
"565","NW_021963960.1_161851_164141",16216,"NW_021963960.1","gridss66bb_3",NA,161837,161851,NA,164141,164155,2303,NA,144.89,"LOW_QUAL;SINGLE_ASSEMBLY","INV","GRIDSS","-",410,1
"566","NW_021964143.1_312321_409258",16216,"NW_021964143.1","INV00013376",312621,312921,312321,408958,409258,408658,96337,"0/1",1073,"PASS","INV","DELLY",NA,245,139
"567","NW_021964143.1_312430_409007",16216,"NW_021964143.1","INV00013375",312545,312660,312430,408892,409007,408777,96347,"1/1",2485,"PASS","INV","DELLY",NA,245,139
"568","NW_021964143.1_312545_408906",16216,"NW_021964143.1","gridss71bb_3",NA,312545,312545,NA,408906,408906,96371,NA,63.36,"LOW_QUAL;NO_ASSEMBLY","INV","GRIDSS","-",411,139
"569","NW_021964143.1_312553_408893",16216,"NW_021964143.1","gridss71bb_10",NA,312553,312553,NA,408893,408893,96344,NA,48793.52,"PASS","INV","GRIDSS","-",412,139
"570","NW_021964143.1_312762_408958",16216,"NW_021964143.1","gridss71ff_3",NA,312620,312762,NA,408958,409100,96337,NA,303.81,"LOW_QUAL;NO_ASSEMBLY","INV","GRIDSS","+",413,139
"571","NW_021964143.1_372456_409369",16216,"NW_021964143.1","INV00013395",372648,372840,372456,409177,409369,408985,36529,"0/1",209,"PASS","INV","DELLY",NA,246,140
"572","NW_021964143.1_372636_409162",16216,"NW_021964143.1","gridss71ff_6",NA,372636,372636,NA,409162,409162,36558,NA,51.98,"LOW_QUAL;NO_ASSEMBLY","INV","GRIDSS","+",246,140
"573","NW_021964143.1_372647_409177",16216,"NW_021964143.1","gridss71ff_12",NA,372647,372647,NA,409177,409177,36536,NA,3679.88,"SINGLE_ASSEMBLY","INV","GRIDSS","+",414,140
